comparison,scenario,bank_type,stigma,supervision,label,cost_diff_m,survival_diff,survival_lo,survival_hi,shortfall_diff_bn,shortfall_lo,shortfall_hi
B_vs_C,S1,svb_like,0.0,strongly_penalizes,x_leads,103.27,0.7725,0.757077,0.787923,0,0,0
B_vs_C,S1,svb_like,0.0,penalizes,x_leads,103.27,0.7725,0.757077,0.787923,0,0,0
B_vs_C,S1,svb_like,0.0,neutral,x_leads,103.27,0.7725,0.757077,0.787923,0,0,0
B_vs_C,S1,svb_like,0.0,encourages,x_leads,103.27,0.7725,0.757077,0.787923,0,0,0
B_vs_C,S1,svb_like,0.0,strongly_encourages,x_leads,103.27,0.7725,0.757077,0.787923,0,0,0
B_vs_C,S1,svb_like,0.1,strongly_penalizes,x_leads,103.27,0.755,0.739177,0.770823,0,0,0
B_vs_C,S1,svb_like,0.1,penalizes,x_leads,103.27,0.755,0.739177,0.770823,0,0,0
B_vs_C,S1,svb_like,0.1,neutral,x_leads,103.27,0.755,0.739177,0.770823,0,0,0
B_vs_C,S1,svb_like,0.1,encourages,x_leads,103.27,0.755,0.739177,0.770823,0,0,0
B_vs_C,S1,svb_like,0.1,strongly_encourages,x_leads,103.27,0.755,0.739177,0.770823,0,0,0
B_vs_C,S1,svb_like,0.2,strongly_penalizes,x_leads,103.27,0.743,0.726923,0.759077,0,0,0
B_vs_C,S1,svb_like,0.2,penalizes,x_leads,103.27,0.743,0.726923,0.759077,0,0,0
B_vs_C,S1,svb_like,0.2,neutral,x_leads,103.27,0.743,0.726923,0.759077,0,0,0
B_vs_C,S1,svb_like,0.2,encourages,x_leads,103.27,0.743,0.726923,0.759077,0,0,0
B_vs_C,S1,svb_like,0.2,strongly_encourages,x_leads,103.27,0.743,0.726923,0.759077,0,0,0
B_vs_C,S1,svb_like,0.35,strongly_penalizes,x_leads,103.27,0.7205,0.70399,0.73701,0,0,0
B_vs_C,S1,svb_like,0.35,penalizes,x_leads,103.27,0.7205,0.70399,0.73701,0,0,0
B_vs_C,S1,svb_like,0.35,neutral,x_leads,103.27,0.7205,0.70399,0.73701,0,0,0
B_vs_C,S1,svb_like,0.35,encourages,x_leads,103.27,0.7205,0.70399,0.73701,0,0,0
B_vs_C,S1,svb_like,0.35,strongly_encourages,x_leads,103.27,0.7205,0.70399,0.73701,0,0,0
B_vs_C,S1,svb_like,0.5,strongly_penalizes,x_leads,103.27,0.697,0.680093,0.713907,0,0,0
B_vs_C,S1,svb_like,0.5,penalizes,x_leads,103.27,0.697,0.680093,0.713907,0,0,0
B_vs_C,S1,svb_like,0.5,neutral,x_leads,103.27,0.697,0.680093,0.713907,0,0,0
B_vs_C,S1,svb_like,0.5,encourages,x_leads,103.27,0.697,0.680093,0.713907,0,0,0
B_vs_C,S1,svb_like,0.5,strongly_encourages,x_leads,103.27,0.697,0.680093,0.713907,0,0,0
B_vs_C,S1,svb_like,0.7,strongly_penalizes,x_leads,103.27,0.6665,0.649155,0.683845,0,0,0
B_vs_C,S1,svb_like,0.7,penalizes,x_leads,103.27,0.6665,0.649155,0.683845,0,0,0
B_vs_C,S1,svb_like,0.7,neutral,x_leads,103.27,0.6665,0.649155,0.683845,0,0,0
B_vs_C,S1,svb_like,0.7,encourages,x_leads,103.27,0.6665,0.649155,0.683845,0,0,0
B_vs_C,S1,svb_like,0.7,strongly_encourages,x_leads,103.27,0.6665,0.649155,0.683845,0,0,0
B_vs_C,S1,svb_like,0.9,strongly_penalizes,x_leads,103.27,0.63,0.612237,0.647763,0,0,0
B_vs_C,S1,svb_like,0.9,penalizes,x_leads,103.27,0.63,0.612237,0.647763,0,0,0
B_vs_C,S1,svb_like,0.9,neutral,x_leads,103.27,0.63,0.612237,0.647763,0,0,0
B_vs_C,S1,svb_like,0.9,encourages,x_leads,103.27,0.63,0.612237,0.647763,0,0,0
B_vs_C,S1,svb_like,0.9,strongly_encourages,x_leads,103.27,0.63,0.612237,0.647763,0,0,0
B_vs_C,S1,diversified_regional,0.0,strongly_penalizes,x_leads,1.54552,0.0145,0.0101021,0.0188979,0,0,0
B_vs_C,S1,diversified_regional,0.0,penalizes,x_leads,1.54552,0.0145,0.0101021,0.0188979,0,0,0
B_vs_C,S1,diversified_regional,0.0,neutral,x_leads,1.54552,0.0145,0.0101021,0.0188979,0,0,0
B_vs_C,S1,diversified_regional,0.0,encourages,x_leads,1.54552,0.0145,0.0101021,0.0188979,0,0,0
B_vs_C,S1,diversified_regional,0.0,strongly_encourages,x_leads,1.54552,0.0145,0.0101021,0.0188979,0,0,0
B_vs_C,S1,diversified_regional,0.1,strongly_penalizes,x_leads,1.54552,0.018,0.0131087,0.0228913,0,0,0
B_vs_C,S1,diversified_regional,0.1,penalizes,x_leads,1.54552,0.018,0.0131087,0.0228913,0,0,0
B_vs_C,S1,diversified_regional,0.1,neutral,x_leads,1.54552,0.018,0.0131087,0.0228913,0,0,0
B_vs_C,S1,diversified_regional,0.1,encourages,x_leads,1.54552,0.018,0.0131087,0.0228913,0,0,0
B_vs_C,S1,diversified_regional,0.1,strongly_encourages,x_leads,1.54552,0.018,0.0131087,0.0228913,0,0,0
B_vs_C,S1,diversified_regional,0.2,strongly_penalizes,x_leads,1.54552,0.02,0.0148494,0.0251506,0,0,0
B_vs_C,S1,diversified_regional,0.2,penalizes,x_leads,1.54552,0.02,0.0148494,0.0251506,0,0,0
B_vs_C,S1,diversified_regional,0.2,neutral,x_leads,1.54552,0.02,0.0148494,0.0251506,0,0,0
B_vs_C,S1,diversified_regional,0.2,encourages,x_leads,1.54552,0.02,0.0148494,0.0251506,0,0,0
B_vs_C,S1,diversified_regional,0.2,strongly_encourages,x_leads,1.54552,0.02,0.0148494,0.0251506,0,0,0
B_vs_C,S1,diversified_regional,0.35,strongly_penalizes,x_leads,1.54552,0.023,0.017485,0.028515,0,0,0
B_vs_C,S1,diversified_regional,0.35,penalizes,x_leads,1.54552,0.0235,0.0179268,0.0290732,0,0,0
B_vs_C,S1,diversified_regional,0.35,neutral,x_leads,1.54552,0.0235,0.0179268,0.0290732,0,0,0
B_vs_C,S1,diversified_regional,0.35,encourages,x_leads,1.54552,0.0235,0.0179268,0.0290732,0,0,0
B_vs_C,S1,diversified_regional,0.35,strongly_encourages,x_leads,1.54552,0.0235,0.0179268,0.0290732,0,0,0
B_vs_C,S1,diversified_regional,0.5,strongly_penalizes,x_leads,1.54552,0.026,0.0201454,0.0318546,0,0,0
B_vs_C,S1,diversified_regional,0.5,penalizes,x_leads,1.54552,0.0265,0.0205909,0.0324091,0,0,0
B_vs_C,S1,diversified_regional,0.5,neutral,x_leads,1.54552,0.0265,0.0205909,0.0324091,0,0,0
B_vs_C,S1,diversified_regional,0.5,encourages,x_leads,1.54552,0.0265,0.0205909,0.0324091,0,0,0
B_vs_C,S1,diversified_regional,0.5,strongly_encourages,x_leads,1.54552,0.0265,0.0205909,0.0324091,0,0,0
B_vs_C,S1,diversified_regional,0.7,strongly_penalizes,x_leads,1.54552,0.0305,0.0241736,0.0368264,0,0,0
B_vs_C,S1,diversified_regional,0.7,penalizes,x_leads,1.54552,0.032,0.0255249,0.0384751,0,0,0
B_vs_C,S1,diversified_regional,0.7,neutral,x_leads,1.54552,0.032,0.0255249,0.0384751,0,0,0
B_vs_C,S1,diversified_regional,0.7,encourages,x_leads,1.54552,0.032,0.0255249,0.0384751,0,0,0
B_vs_C,S1,diversified_regional,0.7,strongly_encourages,x_leads,1.54552,0.032,0.0255249,0.0384751,0,0,0
B_vs_C,S1,diversified_regional,0.9,strongly_penalizes,x_leads,1.54552,0.037,0.0300554,0.0439446,0,0,0
B_vs_C,S1,diversified_regional,0.9,penalizes,x_leads,1.54552,0.039,0.0318776,0.0461224,0,0,0
B_vs_C,S1,diversified_regional,0.9,neutral,x_leads,1.54552,0.039,0.0318776,0.0461224,0,0,0
B_vs_C,S1,diversified_regional,0.9,encourages,x_leads,1.54552,0.039,0.0318776,0.0461224,0,0,0
B_vs_C,S1,diversified_regional,0.9,strongly_encourages,x_leads,1.54552,0.039,0.0318776,0.0461224,0,0,0
B_vs_C,S1,regional_cat3,0.0,strongly_penalizes,x_leads,420.453,0.0075,0.00432584,0.0106742,0,0,0
B_vs_C,S1,regional_cat3,0.0,penalizes,x_leads,420.453,0.0075,0.00432584,0.0106742,0,0,0
B_vs_C,S1,regional_cat3,0.0,neutral,x_leads,420.453,0.0075,0.00432584,0.0106742,0,0,0
B_vs_C,S1,regional_cat3,0.0,encourages,x_leads,420.453,0.0075,0.00432584,0.0106742,0,0,0
B_vs_C,S1,regional_cat3,0.0,strongly_encourages,x_leads,420.453,0.0075,0.00432584,0.0106742,0,0,0
B_vs_C,S1,regional_cat3,0.1,strongly_penalizes,x_leads,420.453,0.011,0.00716268,0.0148373,0,0,0
B_vs_C,S1,regional_cat3,0.1,penalizes,x_leads,420.453,0.011,0.00716268,0.0148373,0,0,0
B_vs_C,S1,regional_cat3,0.1,neutral,x_leads,420.453,0.011,0.00716268,0.0148373,0,0,0
B_vs_C,S1,regional_cat3,0.1,encourages,x_leads,420.453,0.011,0.00716268,0.0148373,0,0,0
B_vs_C,S1,regional_cat3,0.1,strongly_encourages,x_leads,420.453,0.011,0.00716268,0.0148373,0,0,0
B_vs_C,S1,regional_cat3,0.2,strongly_penalizes,x_leads,420.453,0.0145,0.0101021,0.0188979,0,0,0
B_vs_C,S1,regional_cat3,0.2,penalizes,x_leads,420.453,0.0145,0.0101021,0.0188979,0,0,0
B_vs_C,S1,regional_cat3,0.2,neutral,x_leads,420.453,0.0145,0.0101021,0.0188979,0,0,0
B_vs_C,S1,regional_cat3,0.2,encourages,x_leads,420.453,0.0145,0.0101021,0.0188979,0,0,0
B_vs_C,S1,regional_cat3,0.2,strongly_encourages,x_leads,420.453,0.0145,0.0101021,0.0188979,0,0,0
B_vs_C,S1,regional_cat3,0.35,strongly_penalizes,x_leads,420.453,0.019,0.0139772,0.0240228,0,0,0
B_vs_C,S1,regional_cat3,0.35,penalizes,x_leads,420.453,0.019,0.0139772,0.0240228,0,0,0
B_vs_C,S1,regional_cat3,0.35,neutral,x_leads,420.453,0.019,0.0139772,0.0240228,0,0,0
B_vs_C,S1,regional_cat3,0.35,encourages,x_leads,420.453,0.019,0.0139772,0.0240228,0,0,0
B_vs_C,S1,regional_cat3,0.35,strongly_encourages,x_leads,420.453,0.019,0.0139772,0.0240228,0,0,0
B_vs_C,S1,regional_cat3,0.5,strongly_penalizes,x_leads,420.453,0.025,0.0192561,0.0307439,0,0,0
B_vs_C,S1,regional_cat3,0.5,penalizes,x_leads,420.453,0.025,0.0192561,0.0307439,0,0,0
B_vs_C,S1,regional_cat3,0.5,neutral,x_leads,420.453,0.025,0.0192561,0.0307439,0,0,0
B_vs_C,S1,regional_cat3,0.5,encourages,x_leads,420.453,0.025,0.0192561,0.0307439,0,0,0
B_vs_C,S1,regional_cat3,0.5,strongly_encourages,x_leads,420.453,0.025,0.0192561,0.0307439,0,0,0
B_vs_C,S1,regional_cat3,0.7,strongly_penalizes,x_leads,420.453,0.032,0.0255249,0.0384751,0,0,0
B_vs_C,S1,regional_cat3,0.7,penalizes,x_leads,420.453,0.032,0.0255249,0.0384751,0,0,0
B_vs_C,S1,regional_cat3,0.7,neutral,x_leads,420.453,0.032,0.0255249,0.0384751,0,0,0
B_vs_C,S1,regional_cat3,0.7,encourages,x_leads,420.453,0.032,0.0255249,0.0384751,0,0,0
B_vs_C,S1,regional_cat3,0.7,strongly_encourages,x_leads,420.453,0.032,0.0255249,0.0384751,0,0,0
B_vs_C,S1,regional_cat3,0.9,strongly_penalizes,x_leads,420.453,0.0385,0.0314216,0.0455784,0,0,0
B_vs_C,S1,regional_cat3,0.9,penalizes,x_leads,420.453,0.0385,0.0314216,0.0455784,0,0,0
B_vs_C,S1,regional_cat3,0.9,neutral,x_leads,420.453,0.0385,0.0314216,0.0455784,0,0,0
B_vs_C,S1,regional_cat3,0.9,encourages,x_leads,420.453,0.0385,0.0314216,0.0455784,0,0,0
B_vs_C,S1,regional_cat3,0.9,strongly_encourages,x_leads,420.453,0.0385,0.0314216,0.0455784,0,0,0
B_vs_C,S1,gsib,0.0,strongly_penalizes,tie,1632.6,0,0,0,0,0,0
B_vs_C,S1,gsib,0.0,penalizes,tie,1632.6,0,0,0,0,0,0
B_vs_C,S1,gsib,0.0,neutral,tie,1632.6,0,0,0,0,0,0
B_vs_C,S1,gsib,0.0,encourages,tie,1632.6,0,0,0,0,0,0
B_vs_C,S1,gsib,0.0,strongly_encourages,tie,1632.6,0,0,0,0,0,0
B_vs_C,S1,gsib,0.1,strongly_penalizes,tie,1632.6,0.0005,-0.00032245,0.00132245,0,0,0
B_vs_C,S1,gsib,0.1,penalizes,tie,1632.6,0.0005,-0.00032245,0.00132245,0,0,0
B_vs_C,S1,gsib,0.1,neutral,tie,1632.6,0.0005,-0.00032245,0.00132245,0,0,0
B_vs_C,S1,gsib,0.1,encourages,tie,1632.6,0.0005,-0.00032245,0.00132245,0,0,0
B_vs_C,S1,gsib,0.1,strongly_encourages,tie,1632.6,0.0005,-0.00032245,0.00132245,0,0,0
B_vs_C,S1,gsib,0.2,strongly_penalizes,tie,1632.6,0.0005,-0.00032245,0.00132245,0,0,0
B_vs_C,S1,gsib,0.2,penalizes,tie,1632.6,0.0005,-0.00032245,0.00132245,0,0,0
B_vs_C,S1,gsib,0.2,neutral,tie,1632.6,0.0005,-0.00032245,0.00132245,0,0,0
B_vs_C,S1,gsib,0.2,encourages,tie,1632.6,0.0005,-0.00032245,0.00132245,0,0,0
B_vs_C,S1,gsib,0.2,strongly_encourages,tie,1632.6,0.0005,-0.00032245,0.00132245,0,0,0
B_vs_C,S1,gsib,0.35,strongly_penalizes,x_leads,1632.6,0.0015,7.61876e-05,0.00292381,0,0,0
B_vs_C,S1,gsib,0.35,penalizes,x_leads,1632.6,0.0015,7.61876e-05,0.00292381,0,0,0
B_vs_C,S1,gsib,0.35,neutral,x_leads,1632.6,0.0015,7.61876e-05,0.00292381,0,0,0
B_vs_C,S1,gsib,0.35,encourages,x_leads,1632.6,0.0015,7.61876e-05,0.00292381,0,0,0
B_vs_C,S1,gsib,0.35,strongly_encourages,x_leads,1632.6,0.0015,7.61876e-05,0.00292381,0,0,0
B_vs_C,S1,gsib,0.5,strongly_penalizes,x_leads,1632.6,0.003,0.000987938,0.00501206,0,0,0
B_vs_C,S1,gsib,0.5,penalizes,x_leads,1632.6,0.003,0.000987938,0.00501206,0,0,0
B_vs_C,S1,gsib,0.5,neutral,x_leads,1632.6,0.003,0.000987938,0.00501206,0,0,0
B_vs_C,S1,gsib,0.5,encourages,x_leads,1632.6,0.003,0.000987938,0.00501206,0,0,0
B_vs_C,S1,gsib,0.5,strongly_encourages,x_leads,1632.6,0.003,0.000987938,0.00501206,0,0,0
B_vs_C,S1,gsib,0.7,strongly_penalizes,x_leads,1632.6,0.004,0.00167784,0.00632216,0,0,0
B_vs_C,S1,gsib,0.7,penalizes,x_leads,1632.6,0.004,0.00167784,0.00632216,0,0,0
B_vs_C,S1,gsib,0.7,neutral,x_leads,1632.6,0.004,0.00167784,0.00632216,0,0,0
B_vs_C,S1,gsib,0.7,encourages,x_leads,1632.6,0.004,0.00167784,0.00632216,0,0,0
B_vs_C,S1,gsib,0.7,strongly_encourages,x_leads,1632.6,0.004,0.00167784,0.00632216,0,0,0
B_vs_C,S1,gsib,0.9,strongly_penalizes,x_leads,1632.6,0.0045,0.00203759,0.00696241,0,0,0
B_vs_C,S1,gsib,0.9,penalizes,x_leads,1632.6,0.0045,0.00203759,0.00696241,0,0,0
B_vs_C,S1,gsib,0.9,neutral,x_leads,1632.6,0.0045,0.00203759,0.00696241,0,0,0
B_vs_C,S1,gsib,0.9,encourages,x_leads,1632.6,0.0045,0.00203759,0.00696241,0,0,0
B_vs_C,S1,gsib,0.9,strongly_encourages,x_leads,1632.6,0.0045,0.00203759,0.00696241,0,0,0
B_vs_C,S2,svb_like,0.0,strongly_penalizes,x_leads,103.27,0.8385,0.824961,0.852039,0,0,0
B_vs_C,S2,svb_like,0.0,penalizes,x_leads,103.27,0.8385,0.824961,0.852039,0,0,0
B_vs_C,S2,svb_like,0.0,neutral,x_leads,103.27,0.8385,0.824961,0.852039,0,0,0
B_vs_C,S2,svb_like,0.0,encourages,x_leads,103.27,0.8385,0.824961,0.852039,0,0,0
B_vs_C,S2,svb_like,0.0,strongly_encourages,x_leads,103.27,0.8385,0.824961,0.852039,0,0,0
B_vs_C,S2,svb_like,0.1,strongly_penalizes,x_leads,103.27,0.829,0.815099,0.842901,0,0,0
B_vs_C,S2,svb_like,0.1,penalizes,x_leads,103.27,0.8295,0.815615,0.843385,0,0,0
B_vs_C,S2,svb_like,0.1,neutral,x_leads,103.27,0.8295,0.815615,0.843385,0,0,0
B_vs_C,S2,svb_like,0.1,encourages,x_leads,103.27,0.8295,0.815615,0.843385,0,0,0
B_vs_C,S2,svb_like,0.1,strongly_encourages,x_leads,103.27,0.8295,0.815615,0.843385,0,0,0
B_vs_C,S2,svb_like,0.2,strongly_penalizes,x_leads,103.27,0.816,0.801744,0.830256,0,0,0
B_vs_C,S2,svb_like,0.2,penalizes,x_leads,103.27,0.8165,0.802259,0.830741,0,0,0
B_vs_C,S2,svb_like,0.2,neutral,x_leads,103.27,0.8165,0.802259,0.830741,0,0,0
B_vs_C,S2,svb_like,0.2,encourages,x_leads,103.27,0.8165,0.802259,0.830741,0,0,0
B_vs_C,S2,svb_like,0.2,strongly_encourages,x_leads,103.27,0.8165,0.802259,0.830741,0,0,0
B_vs_C,S2,svb_like,0.35,strongly_penalizes,x_leads,103.27,0.795,0.780148,0.809852,0,0,0
B_vs_C,S2,svb_like,0.35,penalizes,x_leads,103.27,0.7955,0.780661,0.810339,0,0,0
B_vs_C,S2,svb_like,0.35,neutral,x_leads,103.27,0.7955,0.780661,0.810339,0,0,0
B_vs_C,S2,svb_like,0.35,encourages,x_leads,103.27,0.7955,0.780661,0.810339,0,0,0
B_vs_C,S2,svb_like,0.35,strongly_encourages,x_leads,103.27,0.7955,0.780661,0.810339,0,0,0
B_vs_C,S2,svb_like,0.5,strongly_penalizes,x_leads,103.27,0.7805,0.765228,0.795772,0,0,0
B_vs_C,S2,svb_like,0.5,penalizes,x_leads,103.27,0.7815,0.766253,0.796747,0,0,0
B_vs_C,S2,svb_like,0.5,neutral,x_leads,103.27,0.7815,0.766253,0.796747,0,0,0
B_vs_C,S2,svb_like,0.5,encourages,x_leads,103.27,0.7815,0.766253,0.796747,0,0,0
B_vs_C,S2,svb_like,0.5,strongly_encourages,x_leads,103.27,0.7815,0.766253,0.796747,0,0,0
B_vs_C,S2,svb_like,0.7,strongly_penalizes,x_leads,103.27,0.764,0.748292,0.779708,0,0,0
B_vs_C,S2,svb_like,0.7,penalizes,x_leads,103.27,0.7655,0.749826,0.781174,0,0,0
B_vs_C,S2,svb_like,0.7,neutral,x_leads,103.27,0.7655,0.749826,0.781174,0,0,0
B_vs_C,S2,svb_like,0.7,encourages,x_leads,103.27,0.7655,0.749826,0.781174,0,0,0
B_vs_C,S2,svb_like,0.7,strongly_encourages,x_leads,103.27,0.7655,0.749826,0.781174,0,0,0
B_vs_C,S2,svb_like,0.9,strongly_penalizes,x_leads,103.27,0.737,0.720761,0.753239,0,0,0
B_vs_C,S2,svb_like,0.9,penalizes,x_leads,103.27,0.7385,0.722291,0.754709,0,0,0
B_vs_C,S2,svb_like,0.9,neutral,x_leads,103.27,0.7385,0.722291,0.754709,0,0,0
B_vs_C,S2,svb_like,0.9,encourages,x_leads,103.27,0.7385,0.722291,0.754709,0,0,0
B_vs_C,S2,svb_like,0.9,strongly_encourages,x_leads,103.27,0.7385,0.722291,0.754709,0,0,0
B_vs_C,S2,diversified_regional,0.0,strongly_penalizes,tie,1.54552,0,0,0,0,0,0
B_vs_C,S2,diversified_regional,0.0,penalizes,tie,1.54552,0,0,0,0,0,0
B_vs_C,S2,diversified_regional,0.0,neutral,tie,1.54552,0,0,0,0,0,0
B_vs_C,S2,diversified_regional,0.0,encourages,tie,1.54552,0,0,0,0,0,0
B_vs_C,S2,diversified_regional,0.0,strongly_encourages,tie,1.54552,0,0,0,0,0,0
B_vs_C,S2,diversified_regional,0.1,strongly_penalizes,tie,1.54552,0.0005,-0.00032245,0.00132245,0,0,0
B_vs_C,S2,diversified_regional,0.1,penalizes,tie,1.54552,0.0005,-0.00032245,0.00132245,0,0,0
B_vs_C,S2,diversified_regional,0.1,neutral,tie,1.54552,0.0005,-0.00032245,0.00132245,0,0,0
B_vs_C,S2,diversified_regional,0.1,encourages,tie,1.54552,0.0005,-0.00032245,0.00132245,0,0,0
B_vs_C,S2,diversified_regional,0.1,strongly_encourages,tie,1.54552,0.0005,-0.00032245,0.00132245,0,0,0
B_vs_C,S2,diversified_regional,0.2,strongly_penalizes,tie,1.54552,0.0005,-0.00032245,0.00132245,0,0,0
B_vs_C,S2,diversified_regional,0.2,penalizes,tie,1.54552,0.0005,-0.00032245,0.00132245,0,0,0
B_vs_C,S2,diversified_regional,0.2,neutral,tie,1.54552,0.0005,-0.00032245,0.00132245,0,0,0
B_vs_C,S2,diversified_regional,0.2,encourages,tie,1.54552,0.0005,-0.00032245,0.00132245,0,0,0
B_vs_C,S2,diversified_regional,0.2,strongly_encourages,tie,1.54552,0.0005,-0.00032245,0.00132245,0,0,0
B_vs_C,S2,diversified_regional,0.35,strongly_penalizes,tie,1.54552,0.0005,-0.00032245,0.00132245,0,0,0
B_vs_C,S2,diversified_regional,0.35,penalizes,tie,1.54552,0.0005,-0.00032245,0.00132245,0,0,0
B_vs_C,S2,diversified_regional,0.35,neutral,tie,1.54552,0.0005,-0.00032245,0.00132245,0,0,0
B_vs_C,S2,diversified_regional,0.35,encourages,tie,1.54552,0.0005,-0.00032245,0.00132245,0,0,0
B_vs_C,S2,diversified_regional,0.35,strongly_encourages,tie,1.54552,0.0005,-0.00032245,0.00132245,0,0,0
B_vs_C,S2,diversified_regional,0.5,strongly_penalizes,tie,1.54552,0.0005,-0.00032245,0.00132245,0,0,0
B_vs_C,S2,diversified_regional,0.5,penalizes,tie,1.54552,0.0005,-0.00032245,0.00132245,0,0,0
B_vs_C,S2,diversified_regional,0.5,neutral,tie,1.54552,0.0005,-0.00032245,0.00132245,0,0,0
B_vs_C,S2,diversified_regional,0.5,encourages,tie,1.54552,0.0005,-0.00032245,0.00132245,0,0,0
B_vs_C,S2,diversified_regional,0.5,strongly_encourages,tie,1.54552,0.0005,-0.00032245,0.00132245,0,0,0
B_vs_C,S2,diversified_regional,0.7,strongly_penalizes,tie,1.54552,0.0005,-0.00032245,0.00132245,0,0,0
B_vs_C,S2,diversified_regional,0.7,penalizes,tie,1.54552,0.0005,-0.00032245,0.00132245,0,0,0
B_vs_C,S2,diversified_regional,0.7,neutral,tie,1.54552,0.0005,-0.00032245,0.00132245,0,0,0
B_vs_C,S2,diversified_regional,0.7,encourages,tie,1.54552,0.0005,-0.00032245,0.00132245,0,0,0
B_vs_C,S2,diversified_regional,0.7,strongly_encourages,tie,1.54552,0.0005,-0.00032245,0.00132245,0,0,0
B_vs_C,S2,diversified_regional,0.9,strongly_penalizes,tie,1.54552,0.001,-0.000162829,0.00216283,0,0,0
B_vs_C,S2,diversified_regional,0.9,penalizes,tie,1.54552,0.001,-0.000162829,0.00216283,0,0,0
B_vs_C,S2,diversified_regional,0.9,neutral,tie,1.54552,0.001,-0.000162829,0.00216283,0,0,0
B_vs_C,S2,diversified_regional,0.9,encourages,tie,1.54552,0.001,-0.000162829,0.00216283,0,0,0
B_vs_C,S2,diversified_regional,0.9,strongly_encourages,tie,1.54552,0.001,-0.000162829,0.00216283,0,0,0
B_vs_C,S2,regional_cat3,0.0,strongly_penalizes,tie,420.453,0,0,0,0,0,0
B_vs_C,S2,regional_cat3,0.0,penalizes,tie,420.453,0,0,0,0,0,0
B_vs_C,S2,regional_cat3,0.0,neutral,tie,420.453,0,0,0,0,0,0
B_vs_C,S2,regional_cat3,0.0,encourages,tie,420.453,0,0,0,0,0,0
B_vs_C,S2,regional_cat3,0.0,strongly_encourages,tie,420.453,0,0,0,0,0,0
B_vs_C,S2,regional_cat3,0.1,strongly_penalizes,tie,420.453,0,0,0,0,0,0
B_vs_C,S2,regional_cat3,0.1,penalizes,tie,420.453,0,0,0,0,0,0
B_vs_C,S2,regional_cat3,0.1,neutral,tie,420.453,0,0,0,0,0,0
B_vs_C,S2,regional_cat3,0.1,encourages,tie,420.453,0,0,0,0,0,0
B_vs_C,S2,regional_cat3,0.1,strongly_encourages,tie,420.453,0,0,0,0,0,0
B_vs_C,S2,regional_cat3,0.2,strongly_penalizes,tie,420.453,0,0,0,0,0,0
B_vs_C,S2,regional_cat3,0.2,penalizes,tie,420.453,0,0,0,0,0,0
B_vs_C,S2,regional_cat3,0.2,neutral,tie,420.453,0,0,0,0,0,0
B_vs_C,S2,regional_cat3,0.2,encourages,tie,420.453,0,0,0,0,0,0
B_vs_C,S2,regional_cat3,0.2,strongly_encourages,tie,420.453,0,0,0,0,0,0
B_vs_C,S2,regional_cat3,0.35,strongly_penalizes,tie,420.453,0.0005,-0.00032245,0.00132245,0,0,0
B_vs_C,S2,regional_cat3,0.35,penalizes,tie,420.453,0.0005,-0.00032245,0.00132245,0,0,0
B_vs_C,S2,regional_cat3,0.35,neutral,tie,420.453,0.0005,-0.00032245,0.00132245,0,0,0
B_vs_C,S2,regional_cat3,0.35,encourages,tie,420.453,0.0005,-0.00032245,0.00132245,0,0,0
B_vs_C,S2,regional_cat3,0.35,strongly_encourages,tie,420.453,0.0005,-0.00032245,0.00132245,0,0,0
B_vs_C,S2,regional_cat3,0.5,strongly_penalizes,tie,420.453,0.001,-0.000162829,0.00216283,0,0,0
B_vs_C,S2,regional_cat3,0.5,penalizes,tie,420.453,0.001,-0.000162829,0.00216283,0,0,0
B_vs_C,S2,regional_cat3,0.5,neutral,tie,420.453,0.001,-0.000162829,0.00216283,0,0,0
B_vs_C,S2,regional_cat3,0.5,encourages,tie,420.453,0.001,-0.000162829,0.00216283,0,0,0
B_vs_C,S2,regional_cat3,0.5,strongly_encourages,tie,420.453,0.001,-0.000162829,0.00216283,0,0,0
B_vs_C,S2,regional_cat3,0.7,strongly_penalizes,tie,420.453,0.001,-0.000162829,0.00216283,0,0,0
B_vs_C,S2,regional_cat3,0.7,penalizes,tie,420.453,0.001,-0.000162829,0.00216283,0,0,0
B_vs_C,S2,regional_cat3,0.7,neutral,tie,420.453,0.001,-0.000162829,0.00216283,0,0,0
B_vs_C,S2,regional_cat3,0.7,encourages,tie,420.453,0.001,-0.000162829,0.00216283,0,0,0
B_vs_C,S2,regional_cat3,0.7,strongly_encourages,tie,420.453,0.001,-0.000162829,0.00216283,0,0,0
B_vs_C,S2,regional_cat3,0.9,strongly_penalizes,tie,420.453,0.001,-0.000162829,0.00216283,0,0,0
B_vs_C,S2,regional_cat3,0.9,penalizes,tie,420.453,0.001,-0.000162829,0.00216283,0,0,0
B_vs_C,S2,regional_cat3,0.9,neutral,tie,420.453,0.001,-0.000162829,0.00216283,0,0,0
B_vs_C,S2,regional_cat3,0.9,encourages,tie,420.453,0.001,-0.000162829,0.00216283,0,0,0
B_vs_C,S2,regional_cat3,0.9,strongly_encourages,tie,420.453,0.001,-0.000162829,0.00216283,0,0,0
B_vs_C,S2,gsib,0.0,strongly_penalizes,tie,1632.6,0,0,0,0,0,0
B_vs_C,S2,gsib,0.0,penalizes,tie,1632.6,0,0,0,0,0,0
B_vs_C,S2,gsib,0.0,neutral,tie,1632.6,0,0,0,0,0,0
B_vs_C,S2,gsib,0.0,encourages,tie,1632.6,0,0,0,0,0,0
B_vs_C,S2,gsib,0.0,strongly_encourages,tie,1632.6,0,0,0,0,0,0
B_vs_C,S2,gsib,0.1,strongly_penalizes,tie,1632.6,0,0,0,0,0,0
B_vs_C,S2,gsib,0.1,penalizes,tie,1632.6,0,0,0,0,0,0
B_vs_C,S2,gsib,0.1,neutral,tie,1632.6,0,0,0,0,0,0
B_vs_C,S2,gsib,0.1,encourages,tie,1632.6,0,0,0,0,0,0
B_vs_C,S2,gsib,0.1,strongly_encourages,tie,1632.6,0,0,0,0,0,0
B_vs_C,S2,gsib,0.2,strongly_penalizes,tie,1632.6,0,0,0,0,0,0
B_vs_C,S2,gsib,0.2,penalizes,tie,1632.6,0,0,0,0,0,0
B_vs_C,S2,gsib,0.2,neutral,tie,1632.6,0,0,0,0,0,0
B_vs_C,S2,gsib,0.2,encourages,tie,1632.6,0,0,0,0,0,0
B_vs_C,S2,gsib,0.2,strongly_encourages,tie,1632.6,0,0,0,0,0,0
B_vs_C,S2,gsib,0.35,strongly_penalizes,tie,1632.6,0,0,0,0,0,0
B_vs_C,S2,gsib,0.35,penalizes,tie,1632.6,0,0,0,0,0,0
B_vs_C,S2,gsib,0.35,neutral,tie,1632.6,0,0,0,0,0,0
B_vs_C,S2,gsib,0.35,encourages,tie,1632.6,0,0,0,0,0,0
B_vs_C,S2,gsib,0.35,strongly_encourages,tie,1632.6,0,0,0,0,0,0
B_vs_C,S2,gsib,0.5,strongly_penalizes,tie,1632.6,0,0,0,0,0,0
B_vs_C,S2,gsib,0.5,penalizes,tie,1632.6,0,0,0,0,0,0
B_vs_C,S2,gsib,0.5,neutral,tie,1632.6,0,0,0,0,0,0
B_vs_C,S2,gsib,0.5,encourages,tie,1632.6,0,0,0,0,0,0
B_vs_C,S2,gsib,0.5,strongly_encourages,tie,1632.6,0,0,0,0,0,0
B_vs_C,S2,gsib,0.7,strongly_penalizes,tie,1632.6,0,0,0,0,0,0
B_vs_C,S2,gsib,0.7,penalizes,tie,1632.6,0,0,0,0,0,0
B_vs_C,S2,gsib,0.7,neutral,tie,1632.6,0,0,0,0,0,0
B_vs_C,S2,gsib,0.7,encourages,tie,1632.6,0,0,0,0,0,0
B_vs_C,S2,gsib,0.7,strongly_encourages,tie,1632.6,0,0,0,0,0,0
B_vs_C,S2,gsib,0.9,strongly_penalizes,tie,1632.6,0,0,0,0,0,0
B_vs_C,S2,gsib,0.9,penalizes,tie,1632.6,0,0,0,0,0,0
B_vs_C,S2,gsib,0.9,neutral,tie,1632.6,0,0,0,0,0,0
B_vs_C,S2,gsib,0.9,encourages,tie,1632.6,0,0,0,0,0,0
B_vs_C,S2,gsib,0.9,strongly_encourages,tie,1632.6,0,0,0,0,0,0
B_vs_E,S1,svb_like,0.0,strongly_penalizes,tie,0,0,0,0,0,0,0
B_vs_E,S1,svb_like,0.0,penalizes,tie,0,0,0,0,0,0,0
B_vs_E,S1,svb_like,0.0,neutral,tie,0,0,0,0,0,0,0
B_vs_E,S1,svb_like,0.0,encourages,tie,0,0,0,0,0,0,0
B_vs_E,S1,svb_like,0.0,strongly_encourages,tie,0,0,0,0,0,0,0
B_vs_E,S1,svb_like,0.1,strongly_penalizes,tie,0,0,0,0,0,0,0
B_vs_E,S1,svb_like,0.1,penalizes,tie,0,0,0,0,0,0,0
B_vs_E,S1,svb_like,0.1,neutral,tie,0,0,0,0,0,0,0
B_vs_E,S1,svb_like,0.1,encourages,tie,0,0,0,0,0,0,0
B_vs_E,S1,svb_like,0.1,strongly_encourages,tie,0,0,0,0,0,0,0
B_vs_E,S1,svb_like,0.2,strongly_penalizes,tie,0,0,0,0,0,0,0
B_vs_E,S1,svb_like,0.2,penalizes,tie,0,0,0,0,0,0,0
B_vs_E,S1,svb_like,0.2,neutral,tie,0,0,0,0,0,0,0
B_vs_E,S1,svb_like,0.2,encourages,tie,0,0,0,0,0,0,0
B_vs_E,S1,svb_like,0.2,strongly_encourages,tie,0,0,0,0,0,0,0
B_vs_E,S1,svb_like,0.35,strongly_penalizes,tie,0,0,0,0,0,0,0
B_vs_E,S1,svb_like,0.35,penalizes,tie,0,0,0,0,0,0,0
B_vs_E,S1,svb_like,0.35,neutral,tie,0,0,0,0,0,0,0
B_vs_E,S1,svb_like,0.35,encourages,tie,0,0,0,0,0,0,0
B_vs_E,S1,svb_like,0.35,strongly_encourages,tie,0,0,0,0,0,0,0
B_vs_E,S1,svb_like,0.5,strongly_penalizes,tie,0,0,0,0,0,0,0
B_vs_E,S1,svb_like,0.5,penalizes,tie,0,0,0,0,0,0,0
B_vs_E,S1,svb_like,0.5,neutral,tie,0,0,0,0,0,0,0
B_vs_E,S1,svb_like,0.5,encourages,tie,0,0,0,0,0,0,0
B_vs_E,S1,svb_like,0.5,strongly_encourages,tie,0,0,0,0,0,0,0
B_vs_E,S1,svb_like,0.7,strongly_penalizes,tie,0,0,0,0,0,0,0
B_vs_E,S1,svb_like,0.7,penalizes,tie,0,0,0,0,0,0,0
B_vs_E,S1,svb_like,0.7,neutral,tie,0,0,0,0,0,0,0
B_vs_E,S1,svb_like,0.7,encourages,tie,0,0,0,0,0,0,0
B_vs_E,S1,svb_like,0.7,strongly_encourages,tie,0,0,0,0,0,0,0
B_vs_E,S1,svb_like,0.9,strongly_penalizes,tie,0,0,0,0,0,0,0
B_vs_E,S1,svb_like,0.9,penalizes,tie,0,0,0,0,0,0,0
B_vs_E,S1,svb_like,0.9,neutral,tie,0,0,0,0,0,0,0
B_vs_E,S1,svb_like,0.9,encourages,tie,0,0,0,0,0,0,0
B_vs_E,S1,svb_like,0.9,strongly_encourages,tie,0,0,0,0,0,0,0
B_vs_E,S1,diversified_regional,0.0,strongly_penalizes,tie,0,0,0,0,0,0,0
B_vs_E,S1,diversified_regional,0.0,penalizes,tie,0,0,0,0,0,0,0
B_vs_E,S1,diversified_regional,0.0,neutral,tie,0,0,0,0,0,0,0
B_vs_E,S1,diversified_regional,0.0,encourages,tie,0,0,0,0,0,0,0
B_vs_E,S1,diversified_regional,0.0,strongly_encourages,tie,0,0,0,0,0,0,0
B_vs_E,S1,diversified_regional,0.1,strongly_penalizes,tie,0,0,0,0,0,0,0
B_vs_E,S1,diversified_regional,0.1,penalizes,tie,0,0,0,0,0,0,0
B_vs_E,S1,diversified_regional,0.1,neutral,tie,0,0,0,0,0,0,0
B_vs_E,S1,diversified_regional,0.1,encourages,tie,0,0,0,0,0,0,0
B_vs_E,S1,diversified_regional,0.1,strongly_encourages,tie,0,0,0,0,0,0,0
B_vs_E,S1,diversified_regional,0.2,strongly_penalizes,tie,0,0,0,0,0,0,0
B_vs_E,S1,diversified_regional,0.2,penalizes,tie,0,0,0,0,0,0,0
B_vs_E,S1,diversified_regional,0.2,neutral,tie,0,0,0,0,0,0,0
B_vs_E,S1,diversified_regional,0.2,encourages,tie,0,0,0,0,0,0,0
B_vs_E,S1,diversified_regional,0.2,strongly_encourages,tie,0,0,0,0,0,0,0
B_vs_E,S1,diversified_regional,0.35,strongly_penalizes,tie,0,0,0,0,0,0,0
B_vs_E,S1,diversified_regional,0.35,penalizes,tie,0,0,0,0,0,0,0
B_vs_E,S1,diversified_regional,0.35,neutral,tie,0,0,0,0,0,0,0
B_vs_E,S1,diversified_regional,0.35,encourages,tie,0,0,0,0,0,0,0
B_vs_E,S1,diversified_regional,0.35,strongly_encourages,tie,0,0,0,0,0,0,0
B_vs_E,S1,diversified_regional,0.5,strongly_penalizes,tie,0,0,0,0,0,0,0
B_vs_E,S1,diversified_regional,0.5,penalizes,tie,0,0,0,0,0,0,0
B_vs_E,S1,diversified_regional,0.5,neutral,tie,0,0,0,0,0,0,0
B_vs_E,S1,diversified_regional,0.5,encourages,tie,0,0,0,0,0,0,0
B_vs_E,S1,diversified_regional,0.5,strongly_encourages,tie,0,0,0,0,0,0,0
B_vs_E,S1,diversified_regional,0.7,strongly_penalizes,tie,0,0,0,0,0,0,0
B_vs_E,S1,diversified_regional,0.7,penalizes,tie,0,0,0,0,0,0,0
B_vs_E,S1,diversified_regional,0.7,neutral,tie,0,0,0,0,0,0,0
B_vs_E,S1,diversified_regional,0.7,encourages,tie,0,0,0,0,0,0,0
B_vs_E,S1,diversified_regional,0.7,strongly_encourages,tie,0,0,0,0,0,0,0
B_vs_E,S1,diversified_regional,0.9,strongly_penalizes,tie,0,0,0,0,0,0,0
B_vs_E,S1,diversified_regional,0.9,penalizes,tie,0,0,0,0,0,0,0
B_vs_E,S1,diversified_regional,0.9,neutral,tie,0,0,0,0,0,0,0
B_vs_E,S1,diversified_regional,0.9,encourages,tie,0,0,0,0,0,0,0
B_vs_E,S1,diversified_regional,0.9,strongly_encourages,tie,0,0,0,0,0,0,0
B_vs_E,S1,regional_cat3,0.0,strongly_penalizes,tie,1.77636e-14,0,0,0,0,0,0
B_vs_E,S1,regional_cat3,0.0,penalizes,tie,1.77636e-14,0,0,0,0,0,0
B_vs_E,S1,regional_cat3,0.0,neutral,tie,1.77636e-14,0,0,0,0,0,0
B_vs_E,S1,regional_cat3,0.0,encourages,tie,1.77636e-14,0,0,0,0,0,0
B_vs_E,S1,regional_cat3,0.0,strongly_encourages,tie,1.77636e-14,0,0,0,0,0,0
B_vs_E,S1,regional_cat3,0.1,strongly_penalizes,tie,1.77636e-14,0,0,0,0,0,0
B_vs_E,S1,regional_cat3,0.1,penalizes,tie,1.77636e-14,0,0,0,0,0,0
B_vs_E,S1,regional_cat3,0.1,neutral,tie,1.77636e-14,0,0,0,0,0,0
B_vs_E,S1,regional_cat3,0.1,encourages,tie,1.77636e-14,0,0,0,0,0,0
B_vs_E,S1,regional_cat3,0.1,strongly_encourages,tie,1.77636e-14,0,0,0,0,0,0
B_vs_E,S1,regional_cat3,0.2,strongly_penalizes,tie,1.77636e-14,0,0,0,0,0,0
B_vs_E,S1,regional_cat3,0.2,penalizes,tie,1.77636e-14,0,0,0,0,0,0
B_vs_E,S1,regional_cat3,0.2,neutral,tie,1.77636e-14,0,0,0,0,0,0
B_vs_E,S1,regional_cat3,0.2,encourages,tie,1.77636e-14,0,0,0,0,0,0
B_vs_E,S1,regional_cat3,0.2,strongly_encourages,tie,1.77636e-14,0,0,0,0,0,0
B_vs_E,S1,regional_cat3,0.35,strongly_penalizes,tie,1.77636e-14,0,0,0,0,0,0
B_vs_E,S1,regional_cat3,0.35,penalizes,tie,1.77636e-14,0,0,0,0,0,0
B_vs_E,S1,regional_cat3,0.35,neutral,tie,1.77636e-14,0,0,0,0,0,0
B_vs_E,S1,regional_cat3,0.35,encourages,tie,1.77636e-14,0,0,0,0,0,0
B_vs_E,S1,regional_cat3,0.35,strongly_encourages,tie,1.77636e-14,0,0,0,0,0,0
B_vs_E,S1,regional_cat3,0.5,strongly_penalizes,tie,1.77636e-14,0,0,0,0,0,0
B_vs_E,S1,regional_cat3,0.5,penalizes,tie,1.77636e-14,0,0,0,0,0,0
B_vs_E,S1,regional_cat3,0.5,neutral,tie,1.77636e-14,0,0,0,0,0,0
B_vs_E,S1,regional_cat3,0.5,encourages,tie,1.77636e-14,0,0,0,0,0,0
B_vs_E,S1,regional_cat3,0.5,strongly_encourages,tie,1.77636e-14,0,0,0,0,0,0
B_vs_E,S1,regional_cat3,0.7,strongly_penalizes,tie,1.77636e-14,0,0,0,0,0,0
B_vs_E,S1,regional_cat3,0.7,penalizes,tie,1.77636e-14,0,0,0,0,0,0
B_vs_E,S1,regional_cat3,0.7,neutral,tie,1.77636e-14,0,0,0,0,0,0
B_vs_E,S1,regional_cat3,0.7,encourages,tie,1.77636e-14,0,0,0,0,0,0
B_vs_E,S1,regional_cat3,0.7,strongly_encourages,tie,1.77636e-14,0,0,0,0,0,0
B_vs_E,S1,regional_cat3,0.9,strongly_penalizes,tie,1.77636e-14,0,0,0,0,0,0
B_vs_E,S1,regional_cat3,0.9,penalizes,tie,1.77636e-14,0,0,0,0,0,0
B_vs_E,S1,regional_cat3,0.9,neutral,tie,1.77636e-14,0,0,0,0,0,0
B_vs_E,S1,regional_cat3,0.9,encourages,tie,1.77636e-14,0,0,0,0,0,0
B_vs_E,S1,regional_cat3,0.9,strongly_encourages,tie,1.77636e-14,0,0,0,0,0,0
B_vs_E,S1,gsib,0.0,strongly_penalizes,tie,0,0,0,0,0,0,0
B_vs_E,S1,gsib,0.0,penalizes,tie,0,0,0,0,0,0,0
B_vs_E,S1,gsib,0.0,neutral,tie,0,0,0,0,0,0,0
B_vs_E,S1,gsib,0.0,encourages,tie,0,0,0,0,0,0,0
B_vs_E,S1,gsib,0.0,strongly_encourages,tie,0,0,0,0,0,0,0
B_vs_E,S1,gsib,0.1,strongly_penalizes,tie,0,0,0,0,0,0,0
B_vs_E,S1,gsib,0.1,penalizes,tie,0,0,0,0,0,0,0
B_vs_E,S1,gsib,0.1,neutral,tie,0,0,0,0,0,0,0
B_vs_E,S1,gsib,0.1,encourages,tie,0,0,0,0,0,0,0
B_vs_E,S1,gsib,0.1,strongly_encourages,tie,0,0,0,0,0,0,0
B_vs_E,S1,gsib,0.2,strongly_penalizes,tie,0,0,0,0,0,0,0
B_vs_E,S1,gsib,0.2,penalizes,tie,0,0,0,0,0,0,0
B_vs_E,S1,gsib,0.2,neutral,tie,0,0,0,0,0,0,0
B_vs_E,S1,gsib,0.2,encourages,tie,0,0,0,0,0,0,0
B_vs_E,S1,gsib,0.2,strongly_encourages,tie,0,0,0,0,0,0,0
B_vs_E,S1,gsib,0.35,strongly_penalizes,tie,0,0,0,0,0,0,0
B_vs_E,S1,gsib,0.35,penalizes,tie,0,0,0,0,0,0,0
B_vs_E,S1,gsib,0.35,neutral,tie,0,0,0,0,0,0,0
B_vs_E,S1,gsib,0.35,encourages,tie,0,0,0,0,0,0,0
B_vs_E,S1,gsib,0.35,strongly_encourages,tie,0,0,0,0,0,0,0
B_vs_E,S1,gsib,0.5,strongly_penalizes,tie,0,0,0,0,0,0,0
B_vs_E,S1,gsib,0.5,penalizes,tie,0,0,0,0,0,0,0
B_vs_E,S1,gsib,0.5,neutral,tie,0,0,0,0,0,0,0
B_vs_E,S1,gsib,0.5,encourages,tie,0,0,0,0,0,0,0
B_vs_E,S1,gsib,0.5,strongly_encourages,tie,0,0,0,0,0,0,0
B_vs_E,S1,gsib,0.7,strongly_penalizes,tie,0,0,0,0,0,0,0
B_vs_E,S1,gsib,0.7,penalizes,tie,0,0,0,0,0,0,0
B_vs_E,S1,gsib,0.7,neutral,tie,0,0,0,0,0,0,0
B_vs_E,S1,gsib,0.7,encourages,tie,0,0,0,0,0,0,0
B_vs_E,S1,gsib,0.7,strongly_encourages,tie,0,0,0,0,0,0,0
B_vs_E,S1,gsib,0.9,strongly_penalizes,tie,0,0,0,0,0,0,0
B_vs_E,S1,gsib,0.9,penalizes,tie,0,0,0,0,0,0,0
B_vs_E,S1,gsib,0.9,neutral,tie,0,0,0,0,0,0,0
B_vs_E,S1,gsib,0.9,encourages,tie,0,0,0,0,0,0,0
B_vs_E,S1,gsib,0.9,strongly_encourages,tie,0,0,0,0,0,0,0
B_vs_E,S2,svb_like,0.0,strongly_penalizes,tie,0,0,0,0,0,0,0
B_vs_E,S2,svb_like,0.0,penalizes,tie,0,0,0,0,0,0,0
B_vs_E,S2,svb_like,0.0,neutral,tie,0,0,0,0,0,0,0
B_vs_E,S2,svb_like,0.0,encourages,tie,0,0,0,0,0,0,0
B_vs_E,S2,svb_like,0.0,strongly_encourages,tie,0,0,0,0,0,0,0
B_vs_E,S2,svb_like,0.1,strongly_penalizes,tie,0,0,0,0,0,0,0
B_vs_E,S2,svb_like,0.1,penalizes,tie,0,0,0,0,0,0,0
B_vs_E,S2,svb_like,0.1,neutral,tie,0,0,0,0,0,0,0
B_vs_E,S2,svb_like,0.1,encourages,tie,0,0,0,0,0,0,0
B_vs_E,S2,svb_like,0.1,strongly_encourages,tie,0,0,0,0,0,0,0
B_vs_E,S2,svb_like,0.2,strongly_penalizes,tie,0,0,0,0,0,0,0
B_vs_E,S2,svb_like,0.2,penalizes,tie,0,0,0,0,0,0,0
B_vs_E,S2,svb_like,0.2,neutral,tie,0,0,0,0,0,0,0
B_vs_E,S2,svb_like,0.2,encourages,tie,0,0,0,0,0,0,0
B_vs_E,S2,svb_like,0.2,strongly_encourages,tie,0,0,0,0,0,0,0
B_vs_E,S2,svb_like,0.35,strongly_penalizes,tie,0,0,0,0,0,0,0
B_vs_E,S2,svb_like,0.35,penalizes,tie,0,0,0,0,0,0,0
B_vs_E,S2,svb_like,0.35,neutral,tie,0,0,0,0,0,0,0
B_vs_E,S2,svb_like,0.35,encourages,tie,0,0,0,0,0,0,0
B_vs_E,S2,svb_like,0.35,strongly_encourages,tie,0,0,0,0,0,0,0
B_vs_E,S2,svb_like,0.5,strongly_penalizes,tie,0,0,0,0,0,0,0
B_vs_E,S2,svb_like,0.5,penalizes,tie,0,0,0,0,0,0,0
B_vs_E,S2,svb_like,0.5,neutral,tie,0,0,0,0,0,0,0
B_vs_E,S2,svb_like,0.5,encourages,tie,0,0,0,0,0,0,0
B_vs_E,S2,svb_like,0.5,strongly_encourages,tie,0,0,0,0,0,0,0
B_vs_E,S2,svb_like,0.7,strongly_penalizes,tie,0,0,0,0,0,0,0
B_vs_E,S2,svb_like,0.7,penalizes,tie,0,0,0,0,0,0,0
B_vs_E,S2,svb_like,0.7,neutral,tie,0,0,0,0,0,0,0
B_vs_E,S2,svb_like,0.7,encourages,tie,0,0,0,0,0,0,0
B_vs_E,S2,svb_like,0.7,strongly_encourages,tie,0,0,0,0,0,0,0
B_vs_E,S2,svb_like,0.9,strongly_penalizes,tie,0,0,0,0,0,0,0
B_vs_E,S2,svb_like,0.9,penalizes,tie,0,0,0,0,0,0,0
B_vs_E,S2,svb_like,0.9,neutral,tie,0,0,0,0,0,0,0
B_vs_E,S2,svb_like,0.9,encourages,tie,0,0,0,0,0,0,0
B_vs_E,S2,svb_like,0.9,strongly_encourages,tie,0,0,0,0,0,0,0
B_vs_E,S2,diversified_regional,0.0,strongly_penalizes,tie,0,0,0,0,0,0,0
B_vs_E,S2,diversified_regional,0.0,penalizes,tie,0,0,0,0,0,0,0
B_vs_E,S2,diversified_regional,0.0,neutral,tie,0,0,0,0,0,0,0
B_vs_E,S2,diversified_regional,0.0,encourages,tie,0,0,0,0,0,0,0
B_vs_E,S2,diversified_regional,0.0,strongly_encourages,tie,0,0,0,0,0,0,0
B_vs_E,S2,diversified_regional,0.1,strongly_penalizes,tie,0,0,0,0,0,0,0
B_vs_E,S2,diversified_regional,0.1,penalizes,tie,0,0,0,0,0,0,0
B_vs_E,S2,diversified_regional,0.1,neutral,tie,0,0,0,0,0,0,0
B_vs_E,S2,diversified_regional,0.1,encourages,tie,0,0,0,0,0,0,0
B_vs_E,S2,diversified_regional,0.1,strongly_encourages,tie,0,0,0,0,0,0,0
B_vs_E,S2,diversified_regional,0.2,strongly_penalizes,tie,0,0,0,0,0,0,0
B_vs_E,S2,diversified_regional,0.2,penalizes,tie,0,0,0,0,0,0,0
B_vs_E,S2,diversified_regional,0.2,neutral,tie,0,0,0,0,0,0,0
B_vs_E,S2,diversified_regional,0.2,encourages,tie,0,0,0,0,0,0,0
B_vs_E,S2,diversified_regional,0.2,strongly_encourages,tie,0,0,0,0,0,0,0
B_vs_E,S2,diversified_regional,0.35,strongly_penalizes,tie,0,0,0,0,0,0,0
B_vs_E,S2,diversified_regional,0.35,penalizes,tie,0,0,0,0,0,0,0
B_vs_E,S2,diversified_regional,0.35,neutral,tie,0,0,0,0,0,0,0
B_vs_E,S2,diversified_regional,0.35,encourages,tie,0,0,0,0,0,0,0
B_vs_E,S2,diversified_regional,0.35,strongly_encourages,tie,0,0,0,0,0,0,0
B_vs_E,S2,diversified_regional,0.5,strongly_penalizes,tie,0,0,0,0,0,0,0
B_vs_E,S2,diversified_regional,0.5,penalizes,tie,0,0,0,0,0,0,0
B_vs_E,S2,diversified_regional,0.5,neutral,tie,0,0,0,0,0,0,0
B_vs_E,S2,diversified_regional,0.5,encourages,tie,0,0,0,0,0,0,0
B_vs_E,S2,diversified_regional,0.5,strongly_encourages,tie,0,0,0,0,0,0,0
B_vs_E,S2,diversified_regional,0.7,strongly_penalizes,tie,0,0,0,0,0,0,0
B_vs_E,S2,diversified_regional,0.7,penalizes,tie,0,0,0,0,0,0,0
B_vs_E,S2,diversified_regional,0.7,neutral,tie,0,0,0,0,0,0,0
B_vs_E,S2,diversified_regional,0.7,encourages,tie,0,0,0,0,0,0,0
B_vs_E,S2,diversified_regional,0.7,strongly_encourages,tie,0,0,0,0,0,0,0
B_vs_E,S2,diversified_regional,0.9,strongly_penalizes,tie,0,0,0,0,0,0,0
B_vs_E,S2,diversified_regional,0.9,penalizes,tie,0,0,0,0,0,0,0
B_vs_E,S2,diversified_regional,0.9,neutral,tie,0,0,0,0,0,0,0
B_vs_E,S2,diversified_regional,0.9,encourages,tie,0,0,0,0,0,0,0
B_vs_E,S2,diversified_regional,0.9,strongly_encourages,tie,0,0,0,0,0,0,0
B_vs_E,S2,regional_cat3,0.0,strongly_penalizes,tie,1.77636e-14,0,0,0,0,0,0
B_vs_E,S2,regional_cat3,0.0,penalizes,tie,1.77636e-14,0,0,0,0,0,0
B_vs_E,S2,regional_cat3,0.0,neutral,tie,1.77636e-14,0,0,0,0,0,0
B_vs_E,S2,regional_cat3,0.0,encourages,tie,1.77636e-14,0,0,0,0,0,0
B_vs_E,S2,regional_cat3,0.0,strongly_encourages,tie,1.77636e-14,0,0,0,0,0,0
B_vs_E,S2,regional_cat3,0.1,strongly_penalizes,tie,1.77636e-14,0,0,0,0,0,0
B_vs_E,S2,regional_cat3,0.1,penalizes,tie,1.77636e-14,0,0,0,0,0,0
B_vs_E,S2,regional_cat3,0.1,neutral,tie,1.77636e-14,0,0,0,0,0,0
B_vs_E,S2,regional_cat3,0.1,encourages,tie,1.77636e-14,0,0,0,0,0,0
B_vs_E,S2,regional_cat3,0.1,strongly_encourages,tie,1.77636e-14,0,0,0,0,0,0
B_vs_E,S2,regional_cat3,0.2,strongly_penalizes,tie,1.77636e-14,0,0,0,0,0,0
B_vs_E,S2,regional_cat3,0.2,penalizes,tie,1.77636e-14,0,0,0,0,0,0
B_vs_E,S2,regional_cat3,0.2,neutral,tie,1.77636e-14,0,0,0,0,0,0
B_vs_E,S2,regional_cat3,0.2,encourages,tie,1.77636e-14,0,0,0,0,0,0
B_vs_E,S2,regional_cat3,0.2,strongly_encourages,tie,1.77636e-14,0,0,0,0,0,0
B_vs_E,S2,regional_cat3,0.35,strongly_penalizes,tie,1.77636e-14,0,0,0,0,0,0
B_vs_E,S2,regional_cat3,0.35,penalizes,tie,1.77636e-14,0,0,0,0,0,0
B_vs_E,S2,regional_cat3,0.35,neutral,tie,1.77636e-14,0,0,0,0,0,0
B_vs_E,S2,regional_cat3,0.35,encourages,tie,1.77636e-14,0,0,0,0,0,0
B_vs_E,S2,regional_cat3,0.35,strongly_encourages,tie,1.77636e-14,0,0,0,0,0,0
B_vs_E,S2,regional_cat3,0.5,strongly_penalizes,tie,1.77636e-14,0,0,0,0,0,0
B_vs_E,S2,regional_cat3,0.5,penalizes,tie,1.77636e-14,0,0,0,0,0,0
B_vs_E,S2,regional_cat3,0.5,neutral,tie,1.77636e-14,0,0,0,0,0,0
B_vs_E,S2,regional_cat3,0.5,encourages,tie,1.77636e-14,0,0,0,0,0,0
B_vs_E,S2,regional_cat3,0.5,strongly_encourages,tie,1.77636e-14,0,0,0,0,0,0
B_vs_E,S2,regional_cat3,0.7,strongly_penalizes,tie,1.77636e-14,0,0,0,0,0,0
B_vs_E,S2,regional_cat3,0.7,penalizes,tie,1.77636e-14,0,0,0,0,0,0
B_vs_E,S2,regional_cat3,0.7,neutral,tie,1.77636e-14,0,0,0,0,0,0
B_vs_E,S2,regional_cat3,0.7,encourages,tie,1.77636e-14,0,0,0,0,0,0
B_vs_E,S2,regional_cat3,0.7,strongly_encourages,tie,1.77636e-14,0,0,0,0,0,0
B_vs_E,S2,regional_cat3,0.9,strongly_penalizes,tie,1.77636e-14,0,0,0,0,0,0
B_vs_E,S2,regional_cat3,0.9,penalizes,tie,1.77636e-14,0,0,0,0,0,0
B_vs_E,S2,regional_cat3,0.9,neutral,tie,1.77636e-14,0,0,0,0,0,0
B_vs_E,S2,regional_cat3,0.9,encourages,tie,1.77636e-14,0,0,0,0,0,0
B_vs_E,S2,regional_cat3,0.9,strongly_encourages,tie,1.77636e-14,0,0,0,0,0,0
B_vs_E,S2,gsib,0.0,strongly_penalizes,tie,0,0,0,0,0,0,0
B_vs_E,S2,gsib,0.0,penalizes,tie,0,0,0,0,0,0,0
B_vs_E,S2,gsib,0.0,neutral,tie,0,0,0,0,0,0,0
B_vs_E,S2,gsib,0.0,encourages,tie,0,0,0,0,0,0,0
B_vs_E,S2,gsib,0.0,strongly_encourages,tie,0,0,0,0,0,0,0
B_vs_E,S2,gsib,0.1,strongly_penalizes,tie,0,0,0,0,0,0,0
B_vs_E,S2,gsib,0.1,penalizes,tie,0,0,0,0,0,0,0
B_vs_E,S2,gsib,0.1,neutral,tie,0,0,0,0,0,0,0
B_vs_E,S2,gsib,0.1,encourages,tie,0,0,0,0,0,0,0
B_vs_E,S2,gsib,0.1,strongly_encourages,tie,0,0,0,0,0,0,0
B_vs_E,S2,gsib,0.2,strongly_penalizes,tie,0,0,0,0,0,0,0
B_vs_E,S2,gsib,0.2,penalizes,tie,0,0,0,0,0,0,0
B_vs_E,S2,gsib,0.2,neutral,tie,0,0,0,0,0,0,0
B_vs_E,S2,gsib,0.2,encourages,tie,0,0,0,0,0,0,0
B_vs_E,S2,gsib,0.2,strongly_encourages,tie,0,0,0,0,0,0,0
B_vs_E,S2,gsib,0.35,strongly_penalizes,tie,0,0,0,0,0,0,0
B_vs_E,S2,gsib,0.35,penalizes,tie,0,0,0,0,0,0,0
B_vs_E,S2,gsib,0.35,neutral,tie,0,0,0,0,0,0,0
B_vs_E,S2,gsib,0.35,encourages,tie,0,0,0,0,0,0,0
B_vs_E,S2,gsib,0.35,strongly_encourages,tie,0,0,0,0,0,0,0
B_vs_E,S2,gsib,0.5,strongly_penalizes,tie,0,0,0,0,0,0,0
B_vs_E,S2,gsib,0.5,penalizes,tie,0,0,0,0,0,0,0
B_vs_E,S2,gsib,0.5,neutral,tie,0,0,0,0,0,0,0
B_vs_E,S2,gsib,0.5,encourages,tie,0,0,0,0,0,0,0
B_vs_E,S2,gsib,0.5,strongly_encourages,tie,0,0,0,0,0,0,0
B_vs_E,S2,gsib,0.7,strongly_penalizes,tie,0,0,0,0,0,0,0
B_vs_E,S2,gsib,0.7,penalizes,tie,0,0,0,0,0,0,0
B_vs_E,S2,gsib,0.7,neutral,tie,0,0,0,0,0,0,0
B_vs_E,S2,gsib,0.7,encourages,tie,0,0,0,0,0,0,0
B_vs_E,S2,gsib,0.7,strongly_encourages,tie,0,0,0,0,0,0,0
B_vs_E,S2,gsib,0.9,strongly_penalizes,tie,0,0,0,0,0,0,0
B_vs_E,S2,gsib,0.9,penalizes,tie,0,0,0,0,0,0,0
B_vs_E,S2,gsib,0.9,neutral,tie,0,0,0,0,0,0,0
B_vs_E,S2,gsib,0.9,encourages,tie,0,0,0,0,0,0,0
B_vs_E,S2,gsib,0.9,strongly_encourages,tie,0,0,0,0,0,0,0
C_vs_A,S1,svb_like,0.0,strongly_penalizes,y_leads,-95.6173,-0.0035,-0.00646333,-0.000536669,0,0,0
C_vs_A,S1,svb_like,0.0,penalizes,y_leads,-95.6173,-0.0035,-0.00646333,-0.000536669,0,0,0
C_vs_A,S1,svb_like,0.0,neutral,y_leads,-95.6173,-0.0035,-0.00646333,-0.000536669,0,0,0
C_vs_A,S1,svb_like,0.0,encourages,y_leads,-95.6173,-0.0035,-0.00646333,-0.000536669,0,0,0
C_vs_A,S1,svb_like,0.0,strongly_encourages,y_leads,-95.6173,-0.0035,-0.00646333,-0.000536669,0,0,0
C_vs_A,S1,svb_like,0.1,strongly_penalizes,y_leads,-95.6173,-0.0035,-0.00646333,-0.000536669,0,0,0
C_vs_A,S1,svb_like,0.1,penalizes,y_leads,-95.6173,-0.0035,-0.00646333,-0.000536669,0,0,0
C_vs_A,S1,svb_like,0.1,neutral,y_leads,-95.6173,-0.0035,-0.00646333,-0.000536669,0,0,0
C_vs_A,S1,svb_like,0.1,encourages,y_leads,-95.6173,-0.0035,-0.00646333,-0.000536669,0,0,0
C_vs_A,S1,svb_like,0.1,strongly_encourages,y_leads,-95.6173,-0.0035,-0.00646333,-0.000536669,0,0,0
C_vs_A,S1,svb_like,0.2,strongly_penalizes,y_leads,-95.6173,-0.0035,-0.00646333,-0.000536669,0,0,0
C_vs_A,S1,svb_like,0.2,penalizes,y_leads,-95.6173,-0.0035,-0.00646333,-0.000536669,0,0,0
C_vs_A,S1,svb_like,0.2,neutral,y_leads,-95.6173,-0.0035,-0.00646333,-0.000536669,0,0,0
C_vs_A,S1,svb_like,0.2,encourages,y_leads,-95.6173,-0.0035,-0.00646333,-0.000536669,0,0,0
C_vs_A,S1,svb_like,0.2,strongly_encourages,y_leads,-95.6173,-0.0035,-0.00646333,-0.000536669,0,0,0
C_vs_A,S1,svb_like,0.35,strongly_penalizes,tie,-95.6173,-0.0025,-0.0054647,0.000464701,0,0,0
C_vs_A,S1,svb_like,0.35,penalizes,tie,-95.6173,-0.0025,-0.0054647,0.000464701,0,0,0
C_vs_A,S1,svb_like,0.35,neutral,tie,-95.6173,-0.0025,-0.0054647,0.000464701,0,0,0
C_vs_A,S1,svb_like,0.35,encourages,tie,-95.6173,-0.0025,-0.0054647,0.000464701,0,0,0
C_vs_A,S1,svb_like,0.35,strongly_encourages,tie,-95.6173,-0.0025,-0.0054647,0.000464701,0,0,0
C_vs_A,S1,svb_like,0.5,strongly_penalizes,y_leads,-95.6173,-0.003,-0.00584762,-0.000152375,0,0,0
C_vs_A,S1,svb_like,0.5,penalizes,y_leads,-95.6173,-0.003,-0.00584762,-0.000152375,0,0,0
C_vs_A,S1,svb_like,0.5,neutral,y_leads,-95.6173,-0.003,-0.00584762,-0.000152375,0,0,0
C_vs_A,S1,svb_like,0.5,encourages,y_leads,-95.6173,-0.003,-0.00584762,-0.000152375,0,0,0
C_vs_A,S1,svb_like,0.5,strongly_encourages,y_leads,-95.6173,-0.003,-0.00584762,-0.000152375,0,0,0
C_vs_A,S1,svb_like,0.7,strongly_penalizes,tie,-95.6173,-0.0025,-0.00522689,0.00022689,0,0,0
C_vs_A,S1,svb_like,0.7,penalizes,tie,-95.6173,-0.0025,-0.00522689,0.00022689,0,0,0
C_vs_A,S1,svb_like,0.7,neutral,tie,-95.6173,-0.0025,-0.00522689,0.00022689,0,0,0
C_vs_A,S1,svb_like,0.7,encourages,tie,-95.6173,-0.0025,-0.00522689,0.00022689,0,0,0
C_vs_A,S1,svb_like,0.7,strongly_encourages,tie,-95.6173,-0.0025,-0.00522689,0.00022689,0,0,0
C_vs_A,S1,svb_like,0.9,strongly_penalizes,tie,-95.6173,-0.0015,-0.00422788,0.00122788,0,0,0
C_vs_A,S1,svb_like,0.9,penalizes,tie,-95.6173,-0.0015,-0.00422788,0.00122788,0,0,0
C_vs_A,S1,svb_like,0.9,neutral,tie,-95.6173,-0.0015,-0.00422788,0.00122788,0,0,0
C_vs_A,S1,svb_like,0.9,encourages,tie,-95.6173,-0.0015,-0.00422788,0.00122788,0,0,0
C_vs_A,S1,svb_like,0.9,strongly_encourages,tie,-95.6173,-0.0015,-0.00422788,0.00122788,0,0,0
C_vs_A,S1,diversified_regional,0.0,strongly_penalizes,x_leads,0,0.0065,0.00354353,0.00945647,0,0,0
C_vs_A,S1,diversified_regional,0.0,penalizes,tie,0,0,0,0,0,0,0
C_vs_A,S1,diversified_regional,0.0,neutral,tie,0,0,0,0,0,0,0
C_vs_A,S1,diversified_regional,0.0,encourages,tie,0,0,0,0,0,0,0
C_vs_A,S1,diversified_regional,0.0,strongly_encourages,tie,0,0,0,0,0,0,0
C_vs_A,S1,diversified_regional,0.1,strongly_penalizes,x_leads,0,0.007,0.00351928,0.0104807,0,0,0
C_vs_A,S1,diversified_regional,0.1,penalizes,tie,0,0.0005,-0.000924763,0.00192476,0,0,0
C_vs_A,S1,diversified_regional,0.1,neutral,tie,0,0.001,-0.000162829,0.00216283,0,0,0
C_vs_A,S1,diversified_regional,0.1,encourages,tie,0,0.001,-0.000162829,0.00216283,0,0,0
C_vs_A,S1,diversified_regional,0.1,strongly_encourages,tie,0,0.001,-0.000162829,0.00216283,0,0,0
C_vs_A,S1,diversified_regional,0.2,strongly_penalizes,x_leads,0,0.01,0.00582143,0.0141786,0,0,0
C_vs_A,S1,diversified_regional,0.2,penalizes,tie,0,0.002,-1.37428e-05,0.00401374,0,0,0
C_vs_A,S1,diversified_regional,0.2,neutral,x_leads,0,0.003,0.000987938,0.00501206,0,0,0
C_vs_A,S1,diversified_regional,0.2,encourages,x_leads,0,0.003,0.000987938,0.00501206,0,0,0
C_vs_A,S1,diversified_regional,0.2,strongly_encourages,x_leads,0,0.003,0.000987938,0.00501206,0,0,0
C_vs_A,S1,diversified_regional,0.35,strongly_penalizes,x_leads,0,0.013,0.00795141,0.0180486,0,0,0
C_vs_A,S1,diversified_regional,0.35,penalizes,x_leads,0,0.0045,0.00111215,0.00788785,0,0,0
C_vs_A,S1,diversified_regional,0.35,neutral,x_leads,0,0.0055,0.00277907,0.00822093,0,0,0
C_vs_A,S1,diversified_regional,0.35,encourages,x_leads,0,0.0055,0.00277907,0.00822093,0,0,0
C_vs_A,S1,diversified_regional,0.35,strongly_encourages,x_leads,0,0.0055,0.00277907,0.00822093,0,0,0
C_vs_A,S1,diversified_regional,0.5,strongly_penalizes,x_leads,0,0.019,0.0129953,0.0250047,0,0,0
C_vs_A,S1,diversified_regional,0.5,penalizes,x_leads,0,0.0085,0.00423681,0.0127632,0,0,0
C_vs_A,S1,diversified_regional,0.5,neutral,x_leads,0,0.011,0.0069902,0.0150098,0,0,0
C_vs_A,S1,diversified_regional,0.5,encourages,x_leads,0,0.0115,0.00757743,0.0154226,0,0,0
C_vs_A,S1,diversified_regional,0.5,strongly_encourages,x_leads,0,0.0115,0.00757743,0.0154226,0,0,0
C_vs_A,S1,diversified_regional,0.7,strongly_penalizes,x_leads,0,0.0225,0.0160231,0.0289769,0,0,0
C_vs_A,S1,diversified_regional,0.7,penalizes,x_leads,0,0.0105,0.00537706,0.0156229,0,0,0
C_vs_A,S1,diversified_regional,0.7,neutral,x_leads,0,0.0105,0.00624285,0.0147572,0,0,0
C_vs_A,S1,diversified_regional,0.7,encourages,x_leads,0,0.0115,0.00724635,0.0157537,0,0,0
C_vs_A,S1,diversified_regional,0.7,strongly_encourages,x_leads,0,0.013,0.00883262,0.0171674,0,0,0
C_vs_A,S1,diversified_regional,0.9,strongly_penalizes,x_leads,0,0.025,0.0176075,0.0323925,0,0,0
C_vs_A,S1,diversified_regional,0.9,penalizes,x_leads,0,0.0115,0.00530351,0.0176965,0,0,0
C_vs_A,S1,diversified_regional,0.9,neutral,x_leads,0,0.008,0.00307285,0.0129272,0,0,0
C_vs_A,S1,diversified_regional,0.9,encourages,x_leads,0,0.0095,0.004933,0.014067,0,0,0
C_vs_A,S1,diversified_regional,0.9,strongly_encourages,x_leads,0,0.01,0.00550917,0.0144908,0,0,0
C_vs_A,S1,regional_cat3,0.0,strongly_penalizes,x_leads,-414.744,0.023,0.017485,0.028515,0,0,0
C_vs_A,S1,regional_cat3,0.0,penalizes,x_leads,-414.744,0.009,0.00552551,0.0124745,0,0,0
C_vs_A,S1,regional_cat3,0.0,neutral,x_leads,-414.744,0.009,0.00552551,0.0124745,0,0,0
C_vs_A,S1,regional_cat3,0.0,encourages,x_leads,-414.744,0.009,0.00552551,0.0124745,0,0,0
C_vs_A,S1,regional_cat3,0.0,strongly_encourages,x_leads,-414.744,0.009,0.00552551,0.0124745,0,0,0
C_vs_A,S1,regional_cat3,0.1,strongly_penalizes,x_leads,-414.744,0.028,0.0219306,0.0340694,0,0,0
C_vs_A,S1,regional_cat3,0.1,penalizes,x_leads,-414.744,0.0135,0.00925431,0.0177457,0,0,0
C_vs_A,S1,regional_cat3,0.1,neutral,x_leads,-414.744,0.0135,0.00925431,0.0177457,0,0,0
C_vs_A,S1,regional_cat3,0.1,encourages,x_leads,-414.744,0.0135,0.00925431,0.0177457,0,0,0
C_vs_A,S1,regional_cat3,0.1,strongly_encourages,x_leads,-414.744,0.0135,0.00925431,0.0177457,0,0,0
C_vs_A,S1,regional_cat3,0.2,strongly_penalizes,x_leads,-414.744,0.033,0.0264279,0.0395721,0,0,0
C_vs_A,S1,regional_cat3,0.2,penalizes,x_leads,-414.744,0.0175,0.0126759,0.0223241,0,0,0
C_vs_A,S1,regional_cat3,0.2,neutral,x_leads,-414.744,0.017,0.0122441,0.0217559,0,0,0
C_vs_A,S1,regional_cat3,0.2,encourages,x_leads,-414.744,0.017,0.0122441,0.0217559,0,0,0
C_vs_A,S1,regional_cat3,0.2,strongly_encourages,x_leads,-414.744,0.017,0.0122441,0.0217559,0,0,0
C_vs_A,S1,regional_cat3,0.35,strongly_penalizes,x_leads,-414.744,0.043,0.0353576,0.0506424,0,0,0
C_vs_A,S1,regional_cat3,0.35,penalizes,x_leads,-414.744,0.022,0.0164795,0.0275205,0,0,0
C_vs_A,S1,regional_cat3,0.35,neutral,x_leads,-414.744,0.0215,0.0161638,0.0268362,0,0,0
C_vs_A,S1,regional_cat3,0.35,encourages,x_leads,-414.744,0.0215,0.0161638,0.0268362,0,0,0
C_vs_A,S1,regional_cat3,0.35,strongly_encourages,x_leads,-414.744,0.0215,0.0161638,0.0268362,0,0,0
C_vs_A,S1,regional_cat3,0.5,strongly_penalizes,x_leads,-414.744,0.0495,0.0409468,0.0580532,0,0,0
C_vs_A,S1,regional_cat3,0.5,penalizes,x_leads,-414.744,0.0285,0.0218484,0.0351516,0,0,0
C_vs_A,S1,regional_cat3,0.5,neutral,x_leads,-414.744,0.0255,0.0193603,0.0316397,0,0,0
C_vs_A,S1,regional_cat3,0.5,encourages,x_leads,-414.744,0.0255,0.0193603,0.0316397,0,0,0
C_vs_A,S1,regional_cat3,0.5,strongly_encourages,x_leads,-414.744,0.0255,0.0193603,0.0316397,0,0,0
C_vs_A,S1,regional_cat3,0.7,strongly_penalizes,x_leads,-414.744,0.059,0.0495113,0.0684887,0,0,0
C_vs_A,S1,regional_cat3,0.7,penalizes,x_leads,-414.744,0.0395,0.0316145,0.0473855,0,0,0
C_vs_A,S1,regional_cat3,0.7,neutral,x_leads,-414.744,0.0335,0.0262927,0.0407073,0,0,0
C_vs_A,S1,regional_cat3,0.7,encourages,x_leads,-414.744,0.0335,0.0263872,0.0406128,0,0,0
C_vs_A,S1,regional_cat3,0.7,strongly_encourages,x_leads,-414.744,0.0345,0.0272991,0.0417009,0,0,0
C_vs_A,S1,regional_cat3,0.9,strongly_penalizes,x_leads,-414.744,0.072,0.0614767,0.0825233,0,0,0
C_vs_A,S1,regional_cat3,0.9,penalizes,x_leads,-414.744,0.05,0.0411016,0.0588984,0,0,0
C_vs_A,S1,regional_cat3,0.9,neutral,x_leads,-414.744,0.04,0.0319061,0.0480939,0,0,0
C_vs_A,S1,regional_cat3,0.9,encourages,x_leads,-414.744,0.0405,0.032536,0.048464,0,0,0
C_vs_A,S1,regional_cat3,0.9,strongly_encourages,x_leads,-414.744,0.0415,0.0335429,0.0494571,0,0,0
C_vs_A,S1,gsib,0.0,strongly_penalizes,tie,-1613,0,0,0,0,0,0
C_vs_A,S1,gsib,0.0,penalizes,tie,-1613,0,0,0,0,0,0
C_vs_A,S1,gsib,0.0,neutral,tie,-1613,0,0,0,0,0,0
C_vs_A,S1,gsib,0.0,encourages,tie,-1613,0,0,0,0,0,0
C_vs_A,S1,gsib,0.0,strongly_encourages,tie,-1613,0,0,0,0,0,0
C_vs_A,S1,gsib,0.1,strongly_penalizes,tie,-1613,0,0,0,0,0,0
C_vs_A,S1,gsib,0.1,penalizes,tie,-1613,0,0,0,0,0,0
C_vs_A,S1,gsib,0.1,neutral,tie,-1613,0,0,0,0,0,0
C_vs_A,S1,gsib,0.1,encourages,tie,-1613,0,0,0,0,0,0
C_vs_A,S1,gsib,0.1,strongly_encourages,tie,-1613,0,0,0,0,0,0
C_vs_A,S1,gsib,0.2,strongly_penalizes,tie,-1613,0,0,0,0,0,0
C_vs_A,S1,gsib,0.2,penalizes,tie,-1613,0,0,0,0,0,0
C_vs_A,S1,gsib,0.2,neutral,tie,-1613,0,0,0,0,0,0
C_vs_A,S1,gsib,0.2,encourages,tie,-1613,0,0,0,0,0,0
C_vs_A,S1,gsib,0.2,strongly_encourages,tie,-1613,0,0,0,0,0,0
C_vs_A,S1,gsib,0.35,strongly_penalizes,tie,-1613,0.002,-0.000325658,0.00432566,0,0,0
C_vs_A,S1,gsib,0.35,penalizes,tie,-1613,0.0015,-0.000675843,0.00367584,0,0,0
C_vs_A,S1,gsib,0.35,neutral,tie,-1613,0.002,-0.000325658,0.00432566,0,0,0
C_vs_A,S1,gsib,0.35,encourages,tie,-1613,0.002,-0.000325658,0.00432566,0,0,0
C_vs_A,S1,gsib,0.35,strongly_encourages,tie,-1613,0.002,-0.000325658,0.00432566,0,0,0
C_vs_A,S1,gsib,0.5,strongly_penalizes,tie,-1613,0,-0.00260147,0.00260147,0,0,0
C_vs_A,S1,gsib,0.5,penalizes,tie,-1613,0,-0.00260147,0.00260147,0,0,0
C_vs_A,S1,gsib,0.5,neutral,tie,-1613,0.0005,-0.00222838,0.00322838,0,0,0
C_vs_A,S1,gsib,0.5,encourages,tie,-1613,0.0005,-0.00222838,0.00322838,0,0,0
C_vs_A,S1,gsib,0.5,strongly_encourages,tie,-1613,0.0005,-0.00222838,0.00322838,0,0,0
C_vs_A,S1,gsib,0.7,strongly_penalizes,tie,-1613,-0.001,-0.00384953,0.00184953,0,0,0
C_vs_A,S1,gsib,0.7,penalizes,tie,-1613,0.0005,-0.00268608,0.00368608,0,0,0
C_vs_A,S1,gsib,0.7,neutral,tie,-1613,0.001,-0.00229042,0.00429042,0,0,0
C_vs_A,S1,gsib,0.7,encourages,tie,-1613,0.0015,-0.00189145,0.00489145,0,0,0
C_vs_A,S1,gsib,0.7,strongly_encourages,tie,-1613,0.0015,-0.00189145,0.00489145,0,0,0
C_vs_A,S1,gsib,0.9,strongly_penalizes,tie,-1613,-0.0015,-0.00446561,0.00146561,0,0,0
C_vs_A,S1,gsib,0.9,penalizes,tie,-1613,0.0005,-0.00289185,0.00389185,0,0,0
C_vs_A,S1,gsib,0.9,neutral,tie,-1613,0.002,-0.00167829,0.00567829,0,0,0
C_vs_A,S1,gsib,0.9,encourages,tie,-1613,0.0025,-0.00126876,0.00626876,0,0,0
C_vs_A,S1,gsib,0.9,strongly_encourages,tie,-1613,0.003,-0.000857018,0.00685702,0,0,0
C_vs_A,S2,svb_like,0.0,strongly_penalizes,tie,-95.6173,0.002,-0.00357904,0.00757904,0,0,0
C_vs_A,S2,svb_like,0.0,penalizes,tie,-95.6173,0.002,-0.00357904,0.00757904,0,0,0
C_vs_A,S2,svb_like,0.0,neutral,tie,-95.6173,0.002,-0.00357904,0.00757904,0,0,0
C_vs_A,S2,svb_like,0.0,encourages,tie,-95.6173,0.002,-0.00357904,0.00757904,0,0,0
C_vs_A,S2,svb_like,0.0,strongly_encourages,tie,-95.6173,0.002,-0.00357904,0.00757904,0,0,0
C_vs_A,S2,svb_like,0.1,strongly_penalizes,tie,-95.6173,0.0035,-0.00213837,0.00913837,0,0,0
C_vs_A,S2,svb_like,0.1,penalizes,tie,-95.6173,0.0035,-0.00213837,0.00913837,0,0,0
C_vs_A,S2,svb_like,0.1,neutral,tie,-95.6173,0.0035,-0.00213837,0.00913837,0,0,0
C_vs_A,S2,svb_like,0.1,encourages,tie,-95.6173,0.0035,-0.00213837,0.00913837,0,0,0
C_vs_A,S2,svb_like,0.1,strongly_encourages,tie,-95.6173,0.0035,-0.00213837,0.00913837,0,0,0
C_vs_A,S2,svb_like,0.2,strongly_penalizes,tie,-95.6173,0.0025,-0.00289373,0.00789373,0,0,0
C_vs_A,S2,svb_like,0.2,penalizes,tie,-95.6173,0.0025,-0.00289373,0.00789373,0,0,0
C_vs_A,S2,svb_like,0.2,neutral,tie,-95.6173,0.0025,-0.00289373,0.00789373,0,0,0
C_vs_A,S2,svb_like,0.2,encourages,tie,-95.6173,0.0025,-0.00289373,0.00789373,0,0,0
C_vs_A,S2,svb_like,0.2,strongly_encourages,tie,-95.6173,0.0025,-0.00289373,0.00789373,0,0,0
C_vs_A,S2,svb_like,0.35,strongly_penalizes,tie,-95.6173,0.003,-0.00233028,0.00833028,0,0,0
C_vs_A,S2,svb_like,0.35,penalizes,tie,-95.6173,0.003,-0.00233028,0.00833028,0,0,0
C_vs_A,S2,svb_like,0.35,neutral,tie,-95.6173,0.003,-0.00233028,0.00833028,0,0,0
C_vs_A,S2,svb_like,0.35,encourages,tie,-95.6173,0.003,-0.00233028,0.00833028,0,0,0
C_vs_A,S2,svb_like,0.35,strongly_encourages,tie,-95.6173,0.003,-0.00233028,0.00833028,0,0,0
C_vs_A,S2,svb_like,0.5,strongly_penalizes,tie,-95.6173,0.0035,-0.00189298,0.00889298,0,0,0
C_vs_A,S2,svb_like,0.5,penalizes,tie,-95.6173,0.0035,-0.00189298,0.00889298,0,0,0
C_vs_A,S2,svb_like,0.5,neutral,tie,-95.6173,0.0035,-0.00189298,0.00889298,0,0,0
C_vs_A,S2,svb_like,0.5,encourages,tie,-95.6173,0.0035,-0.00189298,0.00889298,0,0,0
C_vs_A,S2,svb_like,0.5,strongly_encourages,tie,-95.6173,0.0035,-0.00189298,0.00889298,0,0,0
C_vs_A,S2,svb_like,0.7,strongly_penalizes,tie,-95.6173,0.003,-0.00233028,0.00833028,0,0,0
C_vs_A,S2,svb_like,0.7,penalizes,tie,-95.6173,0.003,-0.00233028,0.00833028,0,0,0
C_vs_A,S2,svb_like,0.7,neutral,tie,-95.6173,0.003,-0.00233028,0.00833028,0,0,0
C_vs_A,S2,svb_like,0.7,encourages,tie,-95.6173,0.003,-0.00233028,0.00833028,0,0,0
C_vs_A,S2,svb_like,0.7,strongly_encourages,tie,-95.6173,0.003,-0.00233028,0.00833028,0,0,0
C_vs_A,S2,svb_like,0.9,strongly_penalizes,tie,-95.6173,0.0025,-0.00276676,0.00776676,0,0,0
C_vs_A,S2,svb_like,0.9,penalizes,tie,-95.6173,0.0025,-0.00276676,0.00776676,0,0,0
C_vs_A,S2,svb_like,0.9,neutral,tie,-95.6173,0.0025,-0.00276676,0.00776676,0,0,0
C_vs_A,S2,svb_like,0.9,encourages,tie,-95.6173,0.0025,-0.00276676,0.00776676,0,0,0
C_vs_A,S2,svb_like,0.9,strongly_encourages,tie,-95.6173,0.0025,-0.00276676,0.00776676,0,0,0
C_vs_A,S2,diversified_regional,0.0,strongly_penalizes,tie,0,0,0,0,0,0,0
C_vs_A,S2,diversified_regional,0.0,penalizes,tie,0,0,0,0,0,0,0
C_vs_A,S2,diversified_regional,0.0,neutral,tie,0,0,0,0,0,0,0
C_vs_A,S2,diversified_regional,0.0,encourages,tie,0,0,0,0,0,0,0
C_vs_A,S2,diversified_regional,0.0,strongly_encourages,tie,0,0,0,0,0,0,0
C_vs_A,S2,diversified_regional,0.1,strongly_penalizes,tie,0,0,0,0,0,0,0
C_vs_A,S2,diversified_regional,0.1,penalizes,tie,0,0,0,0,0,0,0
C_vs_A,S2,diversified_regional,0.1,neutral,tie,0,0,0,0,0,0,0
C_vs_A,S2,diversified_regional,0.1,encourages,tie,0,0,0,0,0,0,0
C_vs_A,S2,diversified_regional,0.1,strongly_encourages,tie,0,0,0,0,0,0,0
C_vs_A,S2,diversified_regional,0.2,strongly_penalizes,tie,0,0,0,0,0,0,0
C_vs_A,S2,diversified_regional,0.2,penalizes,tie,0,0,0,0,0,0,0
C_vs_A,S2,diversified_regional,0.2,neutral,tie,0,0,0,0,0,0,0
C_vs_A,S2,diversified_regional,0.2,encourages,tie,0,0,0,0,0,0,0
C_vs_A,S2,diversified_regional,0.2,strongly_encourages,tie,0,0,0,0,0,0,0
C_vs_A,S2,diversified_regional,0.35,strongly_penalizes,tie,0,0,0,0,0,0,0
C_vs_A,S2,diversified_regional,0.35,penalizes,tie,0,0,0,0,0,0,0
C_vs_A,S2,diversified_regional,0.35,neutral,tie,0,0,0,0,0,0,0
C_vs_A,S2,diversified_regional,0.35,encourages,tie,0,0,0,0,0,0,0
C_vs_A,S2,diversified_regional,0.35,strongly_encourages,tie,0,0,0,0,0,0,0
C_vs_A,S2,diversified_regional,0.5,strongly_penalizes,tie,0,0.0005,-0.00032245,0.00132245,0,0,0
C_vs_A,S2,diversified_regional,0.5,penalizes,tie,0,0.0005,-0.00032245,0.00132245,0,0,0
C_vs_A,S2,diversified_regional,0.5,neutral,tie,0,0.0005,-0.00032245,0.00132245,0,0,0
C_vs_A,S2,diversified_regional,0.5,encourages,tie,0,0.0005,-0.00032245,0.00132245,0,0,0
C_vs_A,S2,diversified_regional,0.5,strongly_encourages,tie,0,0.0005,-0.00032245,0.00132245,0,0,0
C_vs_A,S2,diversified_regional,0.7,strongly_penalizes,tie,0,0.0005,-0.00032245,0.00132245,0,0,0
C_vs_A,S2,diversified_regional,0.7,penalizes,tie,0,0.0005,-0.00032245,0.00132245,0,0,0
C_vs_A,S2,diversified_regional,0.7,neutral,tie,0,0.001,-0.000162829,0.00216283,0,0,0
C_vs_A,S2,diversified_regional,0.7,encourages,tie,0,0.001,-0.000162829,0.00216283,0,0,0
C_vs_A,S2,diversified_regional,0.7,strongly_encourages,tie,0,0.001,-0.000162829,0.00216283,0,0,0
C_vs_A,S2,diversified_regional,0.9,strongly_penalizes,tie,0,0,0,0,0,0,0
C_vs_A,S2,diversified_regional,0.9,penalizes,tie,0,0,0,0,0,0,0
C_vs_A,S2,diversified_regional,0.9,neutral,tie,0,0.0005,-0.00032245,0.00132245,0,0,0
C_vs_A,S2,diversified_regional,0.9,encourages,tie,0,0.001,-0.000162829,0.00216283,0,0,0
C_vs_A,S2,diversified_regional,0.9,strongly_encourages,tie,0,0.001,-0.000162829,0.00216283,0,0,0
C_vs_A,S2,regional_cat3,0.0,strongly_penalizes,tie,-414.744,0,0,0,0,0,0
C_vs_A,S2,regional_cat3,0.0,penalizes,tie,-414.744,0,0,0,0,0,0
C_vs_A,S2,regional_cat3,0.0,neutral,tie,-414.744,0,0,0,0,0,0
C_vs_A,S2,regional_cat3,0.0,encourages,tie,-414.744,0,0,0,0,0,0
C_vs_A,S2,regional_cat3,0.0,strongly_encourages,tie,-414.744,0,0,0,0,0,0
C_vs_A,S2,regional_cat3,0.1,strongly_penalizes,tie,-414.744,0,0,0,0,0,0
C_vs_A,S2,regional_cat3,0.1,penalizes,tie,-414.744,0,0,0,0,0,0
C_vs_A,S2,regional_cat3,0.1,neutral,tie,-414.744,0,0,0,0,0,0
C_vs_A,S2,regional_cat3,0.1,encourages,tie,-414.744,0,0,0,0,0,0
C_vs_A,S2,regional_cat3,0.1,strongly_encourages,tie,-414.744,0,0,0,0,0,0
C_vs_A,S2,regional_cat3,0.2,strongly_penalizes,tie,-414.744,0.0005,-0.00032245,0.00132245,0,0,0
C_vs_A,S2,regional_cat3,0.2,penalizes,tie,-414.744,0.001,-0.000162829,0.00216283,0,0,0
C_vs_A,S2,regional_cat3,0.2,neutral,tie,-414.744,0.001,-0.000162829,0.00216283,0,0,0
C_vs_A,S2,regional_cat3,0.2,encourages,tie,-414.744,0.001,-0.000162829,0.00216283,0,0,0
C_vs_A,S2,regional_cat3,0.2,strongly_encourages,tie,-414.744,0.001,-0.000162829,0.00216283,0,0,0
C_vs_A,S2,regional_cat3,0.35,strongly_penalizes,tie,-414.744,0,0,0,0,0,0
C_vs_A,S2,regional_cat3,0.35,penalizes,tie,-414.744,0.001,-0.000162829,0.00216283,0,0,0
C_vs_A,S2,regional_cat3,0.35,neutral,tie,-414.744,0.001,-0.000162829,0.00216283,0,0,0
C_vs_A,S2,regional_cat3,0.35,encourages,tie,-414.744,0.001,-0.000162829,0.00216283,0,0,0
C_vs_A,S2,regional_cat3,0.35,strongly_encourages,tie,-414.744,0.001,-0.000162829,0.00216283,0,0,0
C_vs_A,S2,regional_cat3,0.5,strongly_penalizes,tie,-414.744,-0.0005,-0.00132245,0.00032245,0,0,0
C_vs_A,S2,regional_cat3,0.5,penalizes,tie,-414.744,0.0005,-0.00032245,0.00132245,0,0,0
C_vs_A,S2,regional_cat3,0.5,neutral,tie,-414.744,0.001,-0.000162829,0.00216283,0,0,0
C_vs_A,S2,regional_cat3,0.5,encourages,tie,-414.744,0.001,-0.000162829,0.00216283,0,0,0
C_vs_A,S2,regional_cat3,0.5,strongly_encourages,tie,-414.744,0.001,-0.000162829,0.00216283,0,0,0
C_vs_A,S2,regional_cat3,0.7,strongly_penalizes,tie,-414.744,-0.0005,-0.00132245,0.00032245,0,0,0
C_vs_A,S2,regional_cat3,0.7,penalizes,tie,-414.744,-0.0005,-0.00132245,0.00032245,0,0,0
C_vs_A,S2,regional_cat3,0.7,neutral,tie,-414.744,0.0005,-0.00032245,0.00132245,0,0,0
C_vs_A,S2,regional_cat3,0.7,encourages,tie,-414.744,0.0005,-0.00032245,0.00132245,0,0,0
C_vs_A,S2,regional_cat3,0.7,strongly_encourages,x_leads,-414.744,0.0015,7.61876e-05,0.00292381,0,0,0
C_vs_A,S2,regional_cat3,0.9,strongly_penalizes,tie,-414.744,0.0005,-0.000924763,0.00192476,0,0,0
C_vs_A,S2,regional_cat3,0.9,penalizes,tie,-414.744,0,-0.00116341,0.00116341,0,0,0
C_vs_A,S2,regional_cat3,0.9,neutral,tie,-414.744,0.001,-0.000162829,0.00216283,0,0,0
C_vs_A,S2,regional_cat3,0.9,encourages,tie,-414.744,0.001,-0.000162829,0.00216283,0,0,0
C_vs_A,S2,regional_cat3,0.9,strongly_encourages,tie,-414.744,0.001,-0.000162829,0.00216283,0,0,0
C_vs_A,S2,gsib,0.0,strongly_penalizes,tie,-1613,0,0,0,0,0,0
C_vs_A,S2,gsib,0.0,penalizes,tie,-1613,0,0,0,0,0,0
C_vs_A,S2,gsib,0.0,neutral,tie,-1613,0,0,0,0,0,0
C_vs_A,S2,gsib,0.0,encourages,tie,-1613,0,0,0,0,0,0
C_vs_A,S2,gsib,0.0,strongly_encourages,tie,-1613,0,0,0,0,0,0
C_vs_A,S2,gsib,0.1,strongly_penalizes,tie,-1613,0,0,0,0,0,0
C_vs_A,S2,gsib,0.1,penalizes,tie,-1613,0,0,0,0,0,0
C_vs_A,S2,gsib,0.1,neutral,tie,-1613,0,0,0,0,0,0
C_vs_A,S2,gsib,0.1,encourages,tie,-1613,0,0,0,0,0,0
C_vs_A,S2,gsib,0.1,strongly_encourages,tie,-1613,0,0,0,0,0,0
C_vs_A,S2,gsib,0.2,strongly_penalizes,tie,-1613,0,0,0,0,0,0
C_vs_A,S2,gsib,0.2,penalizes,tie,-1613,0,0,0,0,0,0
C_vs_A,S2,gsib,0.2,neutral,tie,-1613,0,0,0,0,0,0
C_vs_A,S2,gsib,0.2,encourages,tie,-1613,0,0,0,0,0,0
C_vs_A,S2,gsib,0.2,strongly_encourages,tie,-1613,0,0,0,0,0,0
C_vs_A,S2,gsib,0.35,strongly_penalizes,tie,-1613,0,0,0,0,0,0
C_vs_A,S2,gsib,0.35,penalizes,tie,-1613,0,0,0,0,0,0
C_vs_A,S2,gsib,0.35,neutral,tie,-1613,0,0,0,0,0,0
C_vs_A,S2,gsib,0.35,encourages,tie,-1613,0,0,0,0,0,0
C_vs_A,S2,gsib,0.35,strongly_encourages,tie,-1613,0,0,0,0,0,0
C_vs_A,S2,gsib,0.5,strongly_penalizes,tie,-1613,0,0,0,0,0,0
C_vs_A,S2,gsib,0.5,penalizes,tie,-1613,0,0,0,0,0,0
C_vs_A,S2,gsib,0.5,neutral,tie,-1613,0,0,0,0,0,0
C_vs_A,S2,gsib,0.5,encourages,tie,-1613,0,0,0,0,0,0
C_vs_A,S2,gsib,0.5,strongly_encourages,tie,-1613,0,0,0,0,0,0
C_vs_A,S2,gsib,0.7,strongly_penalizes,tie,-1613,0,0,0,0,0,0
C_vs_A,S2,gsib,0.7,penalizes,tie,-1613,0,0,0,0,0,0
C_vs_A,S2,gsib,0.7,neutral,tie,-1613,0,0,0,0,0,0
C_vs_A,S2,gsib,0.7,encourages,tie,-1613,0,0,0,0,0,0
C_vs_A,S2,gsib,0.7,strongly_encourages,tie,-1613,0,0,0,0,0,0
C_vs_A,S2,gsib,0.9,strongly_penalizes,tie,-1613,0,0,0,0,0,0
C_vs_A,S2,gsib,0.9,penalizes,tie,-1613,0,0,0,0,0,0
C_vs_A,S2,gsib,0.9,neutral,tie,-1613,0,0,0,0,0,0
C_vs_A,S2,gsib,0.9,encourages,tie,-1613,0,0,0,0,0,0
C_vs_A,S2,gsib,0.9,strongly_encourages,tie,-1613,0,0,0,0,0,0
B_vs_A,S1,svb_like,0.0,strongly_penalizes,x_leads,7.65315,0.769,0.753494,0.784506,0,0,0
B_vs_A,S1,svb_like,0.0,penalizes,x_leads,7.65315,0.769,0.753494,0.784506,0,0,0
B_vs_A,S1,svb_like,0.0,neutral,x_leads,7.65315,0.769,0.753494,0.784506,0,0,0
B_vs_A,S1,svb_like,0.0,encourages,x_leads,7.65315,0.769,0.753494,0.784506,0,0,0
B_vs_A,S1,svb_like,0.0,strongly_encourages,x_leads,7.65315,0.769,0.753494,0.784506,0,0,0
B_vs_A,S1,svb_like,0.1,strongly_penalizes,x_leads,7.65315,0.7515,0.735601,0.767399,0,0,0
B_vs_A,S1,svb_like,0.1,penalizes,x_leads,7.65315,0.7515,0.735601,0.767399,0,0,0
B_vs_A,S1,svb_like,0.1,neutral,x_leads,7.65315,0.7515,0.735601,0.767399,0,0,0
B_vs_A,S1,svb_like,0.1,encourages,x_leads,7.65315,0.7515,0.735601,0.767399,0,0,0
B_vs_A,S1,svb_like,0.1,strongly_encourages,x_leads,7.65315,0.7515,0.735601,0.767399,0,0,0
B_vs_A,S1,svb_like,0.2,strongly_penalizes,x_leads,7.65315,0.7395,0.723352,0.755648,0,0,0
B_vs_A,S1,svb_like,0.2,penalizes,x_leads,7.65315,0.7395,0.723352,0.755648,0,0,0
B_vs_A,S1,svb_like,0.2,neutral,x_leads,7.65315,0.7395,0.723352,0.755648,0,0,0
B_vs_A,S1,svb_like,0.2,encourages,x_leads,7.65315,0.7395,0.723352,0.755648,0,0,0
B_vs_A,S1,svb_like,0.2,strongly_encourages,x_leads,7.65315,0.7395,0.723352,0.755648,0,0,0
B_vs_A,S1,svb_like,0.35,strongly_penalizes,x_leads,7.65315,0.718,0.701445,0.734555,0,0,0
B_vs_A,S1,svb_like,0.35,penalizes,x_leads,7.65315,0.718,0.701445,0.734555,0,0,0
B_vs_A,S1,svb_like,0.35,neutral,x_leads,7.65315,0.718,0.701445,0.734555,0,0,0
B_vs_A,S1,svb_like,0.35,encourages,x_leads,7.65315,0.718,0.701445,0.734555,0,0,0
B_vs_A,S1,svb_like,0.35,strongly_encourages,x_leads,7.65315,0.718,0.701445,0.734555,0,0,0
B_vs_A,S1,svb_like,0.5,strongly_penalizes,x_leads,7.65315,0.694,0.677046,0.710954,0,0,0
B_vs_A,S1,svb_like,0.5,penalizes,x_leads,7.65315,0.694,0.677046,0.710954,0,0,0
B_vs_A,S1,svb_like,0.5,neutral,x_leads,7.65315,0.694,0.677046,0.710954,0,0,0
B_vs_A,S1,svb_like,0.5,encourages,x_leads,7.65315,0.694,0.677046,0.710954,0,0,0
B_vs_A,S1,svb_like,0.5,strongly_encourages,x_leads,7.65315,0.694,0.677046,0.710954,0,0,0
B_vs_A,S1,svb_like,0.7,strongly_penalizes,x_leads,7.65315,0.664,0.646623,0.681377,0,0,0
B_vs_A,S1,svb_like,0.7,penalizes,x_leads,7.65315,0.664,0.646623,0.681377,0,0,0
B_vs_A,S1,svb_like,0.7,neutral,x_leads,7.65315,0.664,0.646623,0.681377,0,0,0
B_vs_A,S1,svb_like,0.7,encourages,x_leads,7.65315,0.664,0.646623,0.681377,0,0,0
B_vs_A,S1,svb_like,0.7,strongly_encourages,x_leads,7.65315,0.664,0.646623,0.681377,0,0,0
B_vs_A,S1,svb_like,0.9,strongly_penalizes,x_leads,7.65315,0.6285,0.610723,0.646277,0,0,0
B_vs_A,S1,svb_like,0.9,penalizes,x_leads,7.65315,0.6285,0.610723,0.646277,0,0,0
B_vs_A,S1,svb_like,0.9,neutral,x_leads,7.65315,0.6285,0.610723,0.646277,0,0,0
B_vs_A,S1,svb_like,0.9,encourages,x_leads,7.65315,0.6285,0.610723,0.646277,0,0,0
B_vs_A,S1,svb_like,0.9,strongly_encourages,x_leads,7.65315,0.6285,0.610723,0.646277,0,0,0
B_vs_A,S1,diversified_regional,0.0,strongly_penalizes,x_leads,1.54552,0.021,0.0157249,0.0262751,0,0,0
B_vs_A,S1,diversified_regional,0.0,penalizes,x_leads,1.54552,0.0145,0.0101021,0.0188979,0,0,0
B_vs_A,S1,diversified_regional,0.0,neutral,x_leads,1.54552,0.0145,0.0101021,0.0188979,0,0,0
B_vs_A,S1,diversified_regional,0.0,encourages,x_leads,1.54552,0.0145,0.0101021,0.0188979,0,0,0
B_vs_A,S1,diversified_regional,0.0,strongly_encourages,x_leads,1.54552,0.0145,0.0101021,0.0188979,0,0,0
B_vs_A,S1,diversified_regional,0.1,strongly_penalizes,x_leads,1.54552,0.025,0.0192561,0.0307439,0,0,0
B_vs_A,S1,diversified_regional,0.1,penalizes,x_leads,1.54552,0.0185,0.0135425,0.0234575,0,0,0
B_vs_A,S1,diversified_regional,0.1,neutral,x_leads,1.54552,0.019,0.0139772,0.0240228,0,0,0
B_vs_A,S1,diversified_regional,0.1,encourages,x_leads,1.54552,0.019,0.0139772,0.0240228,0,0,0
B_vs_A,S1,diversified_regional,0.1,strongly_encourages,x_leads,1.54552,0.019,0.0139772,0.0240228,0,0,0
B_vs_A,S1,diversified_regional,0.2,strongly_penalizes,x_leads,1.54552,0.03,0.023724,0.036276,0,0,0
B_vs_A,S1,diversified_regional,0.2,penalizes,x_leads,1.54552,0.022,0.0166035,0.0273965,0,0,0
B_vs_A,S1,diversified_regional,0.2,neutral,x_leads,1.54552,0.023,0.017485,0.028515,0,0,0
B_vs_A,S1,diversified_regional,0.2,encourages,x_leads,1.54552,0.023,0.017485,0.028515,0,0,0
B_vs_A,S1,diversified_regional,0.2,strongly_encourages,x_leads,1.54552,0.023,0.017485,0.028515,0,0,0
B_vs_A,S1,diversified_regional,0.35,strongly_penalizes,x_leads,1.54552,0.036,0.0291463,0.0428537,0,0,0
B_vs_A,S1,diversified_regional,0.35,penalizes,x_leads,1.54552,0.028,0.0219306,0.0340694,0,0,0
B_vs_A,S1,diversified_regional,0.35,neutral,x_leads,1.54552,0.029,0.0228264,0.0351736,0,0,0
B_vs_A,S1,diversified_regional,0.35,encourages,x_leads,1.54552,0.029,0.0228264,0.0351736,0,0,0
B_vs_A,S1,diversified_regional,0.35,strongly_encourages,x_leads,1.54552,0.029,0.0228264,0.0351736,0,0,0
B_vs_A,S1,diversified_regional,0.5,strongly_penalizes,x_leads,1.54552,0.045,0.0373732,0.0526268,0,0,0
B_vs_A,S1,diversified_regional,0.5,penalizes,x_leads,1.54552,0.035,0.0282387,0.0417613,0,0,0
B_vs_A,S1,diversified_regional,0.5,neutral,x_leads,1.54552,0.0375,0.0305105,0.0444895,0,0,0
B_vs_A,S1,diversified_regional,0.5,encourages,x_leads,1.54552,0.038,0.0309658,0.0450342,0,0,0
B_vs_A,S1,diversified_regional,0.5,strongly_encourages,x_leads,1.54552,0.038,0.0309658,0.0450342,0,0,0
B_vs_A,S1,diversified_regional,0.7,strongly_penalizes,x_leads,1.54552,0.053,0.0447577,0.0612423,0,0,0
B_vs_A,S1,diversified_regional,0.7,penalizes,x_leads,1.54552,0.0425,0.0350784,0.0499216,0,0,0
B_vs_A,S1,diversified_regional,0.7,neutral,x_leads,1.54552,0.0425,0.0350784,0.0499216,0,0,0
B_vs_A,S1,diversified_regional,0.7,encourages,x_leads,1.54552,0.0435,0.0359955,0.0510045,0,0,0
B_vs_A,S1,diversified_regional,0.7,strongly_encourages,x_leads,1.54552,0.045,0.0373732,0.0526268,0,0,0
B_vs_A,S1,diversified_regional,0.9,strongly_penalizes,x_leads,1.54552,0.062,0.0531278,0.0708722,0,0,0
B_vs_A,S1,diversified_regional,0.9,penalizes,x_leads,1.54552,0.0505,0.0424439,0.0585561,0,0,0
B_vs_A,S1,diversified_regional,0.9,neutral,x_leads,1.54552,0.047,0.0392137,0.0547863,0,0,0
B_vs_A,S1,diversified_regional,0.9,encourages,x_leads,1.54552,0.0485,0.0405967,0.0564033,0,0,0
B_vs_A,S1,diversified_regional,0.9,strongly_encourages,x_leads,1.54552,0.049,0.0410582,0.0569418,0,0,0
B_vs_A,S1,regional_cat3,0.0,strongly_penalizes,x_leads,5.70982,0.0305,0.0241736,0.0368264,0,0,0
B_vs_A,S1,regional_cat3,0.0,penalizes,x_leads,5.70982,0.0165,0.0118134,0.0211866,0,0,0
B_vs_A,S1,regional_cat3,0.0,neutral,x_leads,5.70982,0.0165,0.0118134,0.0211866,0,0,0
B_vs_A,S1,regional_cat3,0.0,encourages,x_leads,5.70982,0.0165,0.0118134,0.0211866,0,0,0
B_vs_A,S1,regional_cat3,0.0,strongly_encourages,x_leads,5.70982,0.0165,0.0118134,0.0211866,0,0,0
B_vs_A,S1,regional_cat3,0.1,strongly_penalizes,x_leads,5.70982,0.039,0.0318776,0.0461224,0,0,0
B_vs_A,S1,regional_cat3,0.1,penalizes,x_leads,5.70982,0.0245,0.0188124,0.0301876,0,0,0
B_vs_A,S1,regional_cat3,0.1,neutral,x_leads,5.70982,0.0245,0.0188124,0.0301876,0,0,0
B_vs_A,S1,regional_cat3,0.1,encourages,x_leads,5.70982,0.0245,0.0188124,0.0301876,0,0,0
B_vs_A,S1,regional_cat3,0.1,strongly_encourages,x_leads,5.70982,0.0245,0.0188124,0.0301876,0,0,0
B_vs_A,S1,regional_cat3,0.2,strongly_penalizes,x_leads,5.70982,0.0475,0.0396745,0.0553255,0,0,0
B_vs_A,S1,regional_cat3,0.2,penalizes,x_leads,5.70982,0.032,0.0255249,0.0384751,0,0,0
B_vs_A,S1,regional_cat3,0.2,neutral,x_leads,5.70982,0.0315,0.025074,0.037926,0,0,0
B_vs_A,S1,regional_cat3,0.2,encourages,x_leads,5.70982,0.0315,0.025074,0.037926,0,0,0
B_vs_A,S1,regional_cat3,0.2,strongly_encourages,x_leads,5.70982,0.0315,0.025074,0.037926,0,0,0
B_vs_A,S1,regional_cat3,0.35,strongly_penalizes,x_leads,5.70982,0.062,0.0531278,0.0708722,0,0,0
B_vs_A,S1,regional_cat3,0.35,penalizes,x_leads,5.70982,0.041,0.0337048,0.0482952,0,0,0
B_vs_A,S1,regional_cat3,0.35,neutral,x_leads,5.70982,0.0405,0.0332476,0.0477524,0,0,0
B_vs_A,S1,regional_cat3,0.35,encourages,x_leads,5.70982,0.0405,0.0332476,0.0477524,0,0,0
B_vs_A,S1,regional_cat3,0.35,strongly_encourages,x_leads,5.70982,0.0405,0.0332476,0.0477524,0,0,0
B_vs_A,S1,regional_cat3,0.5,strongly_penalizes,x_leads,5.70982,0.0745,0.0648395,0.0841605,0,0,0
B_vs_A,S1,regional_cat3,0.5,penalizes,x_leads,5.70982,0.0535,0.0452211,0.0617789,0,0,0
B_vs_A,S1,regional_cat3,0.5,neutral,x_leads,5.70982,0.0505,0.0424439,0.0585561,0,0,0
B_vs_A,S1,regional_cat3,0.5,encourages,x_leads,5.70982,0.0505,0.0424439,0.0585561,0,0,0
B_vs_A,S1,regional_cat3,0.5,strongly_encourages,x_leads,5.70982,0.0505,0.0424439,0.0585561,0,0,0
B_vs_A,S1,regional_cat3,0.7,strongly_penalizes,x_leads,5.70982,0.091,0.0804188,0.101581,0,0,0
B_vs_A,S1,regional_cat3,0.7,penalizes,x_leads,5.70982,0.0715,0.0620207,0.0809793,0,0,0
B_vs_A,S1,regional_cat3,0.7,neutral,x_leads,5.70982,0.0655,0.0563979,0.0746021,0,0,0
B_vs_A,S1,regional_cat3,0.7,encourages,x_leads,5.70982,0.0655,0.0563979,0.0746021,0,0,0
B_vs_A,S1,regional_cat3,0.7,strongly_encourages,x_leads,5.70982,0.0665,0.0573336,0.0756664,0,0,0
B_vs_A,S1,regional_cat3,0.9,strongly_penalizes,x_leads,5.70982,0.1105,0.0989658,0.122034,0,0,0
B_vs_A,S1,regional_cat3,0.9,penalizes,x_leads,5.70982,0.0885,0.0780508,0.0989492,0,0,0
B_vs_A,S1,regional_cat3,0.9,neutral,x_leads,5.70982,0.0785,0.068605,0.088395,0,0,0
B_vs_A,S1,regional_cat3,0.9,encourages,x_leads,5.70982,0.079,0.0690762,0.0889238,0,0,0
B_vs_A,S1,regional_cat3,0.9,strongly_encourages,x_leads,5.70982,0.08,0.070019,0.089981,0,0,0
B_vs_A,S1,gsib,0.0,strongly_penalizes,tie,19.6023,0,0,0,0,0,0
B_vs_A,S1,gsib,0.0,penalizes,tie,19.6023,0,0,0,0,0,0
B_vs_A,S1,gsib,0.0,neutral,tie,19.6023,0,0,0,0,0,0
B_vs_A,S1,gsib,0.0,encourages,tie,19.6023,0,0,0,0,0,0
B_vs_A,S1,gsib,0.0,strongly_encourages,tie,19.6023,0,0,0,0,0,0
B_vs_A,S1,gsib,0.1,strongly_penalizes,tie,19.6023,0.0005,-0.00032245,0.00132245,0,0,0
B_vs_A,S1,gsib,0.1,penalizes,tie,19.6023,0.0005,-0.00032245,0.00132245,0,0,0
B_vs_A,S1,gsib,0.1,neutral,tie,19.6023,0.0005,-0.00032245,0.00132245,0,0,0
B_vs_A,S1,gsib,0.1,encourages,tie,19.6023,0.0005,-0.00032245,0.00132245,0,0,0
B_vs_A,S1,gsib,0.1,strongly_encourages,tie,19.6023,0.0005,-0.00032245,0.00132245,0,0,0
B_vs_A,S1,gsib,0.2,strongly_penalizes,tie,19.6023,0.0005,-0.00032245,0.00132245,0,0,0
B_vs_A,S1,gsib,0.2,penalizes,tie,19.6023,0.0005,-0.00032245,0.00132245,0,0,0
B_vs_A,S1,gsib,0.2,neutral,tie,19.6023,0.0005,-0.00032245,0.00132245,0,0,0
B_vs_A,S1,gsib,0.2,encourages,tie,19.6023,0.0005,-0.00032245,0.00132245,0,0,0
B_vs_A,S1,gsib,0.2,strongly_encourages,tie,19.6023,0.0005,-0.00032245,0.00132245,0,0,0
B_vs_A,S1,gsib,0.35,strongly_penalizes,x_leads,19.6023,0.0035,0.00132727,0.00567273,0,0,0
B_vs_A,S1,gsib,0.35,penalizes,x_leads,19.6023,0.003,0.000987938,0.00501206,0,0,0
B_vs_A,S1,gsib,0.35,neutral,x_leads,19.6023,0.0035,0.00132727,0.00567273,0,0,0
B_vs_A,S1,gsib,0.35,encourages,x_leads,19.6023,0.0035,0.00132727,0.00567273,0,0,0
B_vs_A,S1,gsib,0.35,strongly_encourages,x_leads,19.6023,0.0035,0.00132727,0.00567273,0,0,0
B_vs_A,S1,gsib,0.5,strongly_penalizes,x_leads,19.6023,0.003,0.000987938,0.00501206,0,0,0
B_vs_A,S1,gsib,0.5,penalizes,x_leads,19.6023,0.003,0.000987938,0.00501206,0,0,0
B_vs_A,S1,gsib,0.5,neutral,x_leads,19.6023,0.0035,0.00132727,0.00567273,0,0,0
B_vs_A,S1,gsib,0.5,encourages,x_leads,19.6023,0.0035,0.00132727,0.00567273,0,0,0
B_vs_A,S1,gsib,0.5,strongly_encourages,x_leads,19.6023,0.0035,0.00132727,0.00567273,0,0,0
B_vs_A,S1,gsib,0.7,strongly_penalizes,x_leads,19.6023,0.003,0.000987938,0.00501206,0,0,0
B_vs_A,S1,gsib,0.7,penalizes,x_leads,19.6023,0.0045,0.00203759,0.00696241,0,0,0
B_vs_A,S1,gsib,0.7,neutral,x_leads,19.6023,0.005,0.00240505,0.00759495,0,0,0
B_vs_A,S1,gsib,0.7,encourages,x_leads,19.6023,0.0055,0.00277907,0.00822093,0,0,0
B_vs_A,S1,gsib,0.7,strongly_encourages,x_leads,19.6023,0.0055,0.00277907,0.00822093,0,0,0
B_vs_A,S1,gsib,0.9,strongly_penalizes,x_leads,19.6023,0.003,0.000987938,0.00501206,0,0,0
B_vs_A,S1,gsib,0.9,penalizes,x_leads,19.6023,0.005,0.00240505,0.00759495,0,0,0
B_vs_A,S1,gsib,0.9,neutral,x_leads,19.6023,0.0065,0.00354353,0.00945647,0,0,0
B_vs_A,S1,gsib,0.9,encourages,x_leads,19.6023,0.007,0.0039327,0.0100673,0,0,0
B_vs_A,S1,gsib,0.9,strongly_encourages,x_leads,19.6023,0.0075,0.00432584,0.0106742,0,0,0
B_vs_A,S2,svb_like,0.0,strongly_penalizes,x_leads,7.65315,0.8405,0.82703,0.85397,0,0,0
B_vs_A,S2,svb_like,0.0,penalizes,x_leads,7.65315,0.8405,0.82703,0.85397,0,0,0
B_vs_A,S2,svb_like,0.0,neutral,x_leads,7.65315,0.8405,0.82703,0.85397,0,0,0
B_vs_A,S2,svb_like,0.0,encourages,x_leads,7.65315,0.8405,0.82703,0.85397,0,0,0
B_vs_A,S2,svb_like,0.0,strongly_encourages,x_leads,7.65315,0.8405,0.82703,0.85397,0,0,0
B_vs_A,S2,svb_like,0.1,strongly_penalizes,x_leads,7.65315,0.8325,0.818762,0.846238,0,0,0
B_vs_A,S2,svb_like,0.1,penalizes,x_leads,7.65315,0.833,0.819278,0.846722,0,0,0
B_vs_A,S2,svb_like,0.1,neutral,x_leads,7.65315,0.833,0.819278,0.846722,0,0,0
B_vs_A,S2,svb_like,0.1,encourages,x_leads,7.65315,0.833,0.819278,0.846722,0,0,0
B_vs_A,S2,svb_like,0.1,strongly_encourages,x_leads,7.65315,0.833,0.819278,0.846722,0,0,0
B_vs_A,S2,svb_like,0.2,strongly_penalizes,x_leads,7.65315,0.8185,0.80432,0.83268,0,0,0
B_vs_A,S2,svb_like,0.2,penalizes,x_leads,7.65315,0.819,0.804835,0.833165,0,0,0
B_vs_A,S2,svb_like,0.2,neutral,x_leads,7.65315,0.819,0.804835,0.833165,0,0,0
B_vs_A,S2,svb_like,0.2,encourages,x_leads,7.65315,0.819,0.804835,0.833165,0,0,0
B_vs_A,S2,svb_like,0.2,strongly_encourages,x_leads,7.65315,0.819,0.804835,0.833165,0,0,0
B_vs_A,S2,svb_like,0.35,strongly_penalizes,x_leads,7.65315,0.798,0.783229,0.812771,0,0,0
B_vs_A,S2,svb_like,0.35,penalizes,x_leads,7.65315,0.7985,0.783743,0.813257,0,0,0
B_vs_A,S2,svb_like,0.35,neutral,x_leads,7.65315,0.7985,0.783743,0.813257,0,0,0
B_vs_A,S2,svb_like,0.35,encourages,x_leads,7.65315,0.7985,0.783743,0.813257,0,0,0
B_vs_A,S2,svb_like,0.35,strongly_encourages,x_leads,7.65315,0.7985,0.783743,0.813257,0,0,0
B_vs_A,S2,svb_like,0.5,strongly_penalizes,x_leads,7.65315,0.784,0.76886,0.79914,0,0,0
B_vs_A,S2,svb_like,0.5,penalizes,x_leads,7.65315,0.785,0.769886,0.800114,0,0,0
B_vs_A,S2,svb_like,0.5,neutral,x_leads,7.65315,0.785,0.769886,0.800114,0,0,0
B_vs_A,S2,svb_like,0.5,encourages,x_leads,7.65315,0.785,0.769886,0.800114,0,0,0
B_vs_A,S2,svb_like,0.5,strongly_encourages,x_leads,7.65315,0.785,0.769886,0.800114,0,0,0
B_vs_A,S2,svb_like,0.7,strongly_penalizes,x_leads,7.65315,0.767,0.751447,0.782553,0,0,0
B_vs_A,S2,svb_like,0.7,penalizes,x_leads,7.65315,0.7685,0.752982,0.784018,0,0,0
B_vs_A,S2,svb_like,0.7,neutral,x_leads,7.65315,0.7685,0.752982,0.784018,0,0,0
B_vs_A,S2,svb_like,0.7,encourages,x_leads,7.65315,0.7685,0.752982,0.784018,0,0,0
B_vs_A,S2,svb_like,0.7,strongly_encourages,x_leads,7.65315,0.7685,0.752982,0.784018,0,0,0
B_vs_A,S2,svb_like,0.9,strongly_penalizes,x_leads,7.65315,0.7395,0.723352,0.755648,0,0,0
B_vs_A,S2,svb_like,0.9,penalizes,x_leads,7.65315,0.741,0.724883,0.757117,0,0,0
B_vs_A,S2,svb_like,0.9,neutral,x_leads,7.65315,0.741,0.724883,0.757117,0,0,0
B_vs_A,S2,svb_like,0.9,encourages,x_leads,7.65315,0.741,0.724883,0.757117,0,0,0
B_vs_A,S2,svb_like,0.9,strongly_encourages,x_leads,7.65315,0.741,0.724883,0.757117,0,0,0
B_vs_A,S2,diversified_regional,0.0,strongly_penalizes,tie,1.54552,0,0,0,0,0,0
B_vs_A,S2,diversified_regional,0.0,penalizes,tie,1.54552,0,0,0,0,0,0
B_vs_A,S2,diversified_regional,0.0,neutral,tie,1.54552,0,0,0,0,0,0
B_vs_A,S2,diversified_regional,0.0,encourages,tie,1.54552,0,0,0,0,0,0
B_vs_A,S2,diversified_regional,0.0,strongly_encourages,tie,1.54552,0,0,0,0,0,0
B_vs_A,S2,diversified_regional,0.1,strongly_penalizes,tie,1.54552,0.0005,-0.00032245,0.00132245,0,0,0
B_vs_A,S2,diversified_regional,0.1,penalizes,tie,1.54552,0.0005,-0.00032245,0.00132245,0,0,0
B_vs_A,S2,diversified_regional,0.1,neutral,tie,1.54552,0.0005,-0.00032245,0.00132245,0,0,0
B_vs_A,S2,diversified_regional,0.1,encourages,tie,1.54552,0.0005,-0.00032245,0.00132245,0,0,0
B_vs_A,S2,diversified_regional,0.1,strongly_encourages,tie,1.54552,0.0005,-0.00032245,0.00132245,0,0,0
B_vs_A,S2,diversified_regional,0.2,strongly_penalizes,tie,1.54552,0.0005,-0.00032245,0.00132245,0,0,0
B_vs_A,S2,diversified_regional,0.2,penalizes,tie,1.54552,0.0005,-0.00032245,0.00132245,0,0,0
B_vs_A,S2,diversified_regional,0.2,neutral,tie,1.54552,0.0005,-0.00032245,0.00132245,0,0,0
B_vs_A,S2,diversified_regional,0.2,encourages,tie,1.54552,0.0005,-0.00032245,0.00132245,0,0,0
B_vs_A,S2,diversified_regional,0.2,strongly_encourages,tie,1.54552,0.0005,-0.00032245,0.00132245,0,0,0
B_vs_A,S2,diversified_regional,0.35,strongly_penalizes,tie,1.54552,0.0005,-0.00032245,0.00132245,0,0,0
B_vs_A,S2,diversified_regional,0.35,penalizes,tie,1.54552,0.0005,-0.00032245,0.00132245,0,0,0
B_vs_A,S2,diversified_regional,0.35,neutral,tie,1.54552,0.0005,-0.00032245,0.00132245,0,0,0
B_vs_A,S2,diversified_regional,0.35,encourages,tie,1.54552,0.0005,-0.00032245,0.00132245,0,0,0
B_vs_A,S2,diversified_regional,0.35,strongly_encourages,tie,1.54552,0.0005,-0.00032245,0.00132245,0,0,0
B_vs_A,S2,diversified_regional,0.5,strongly_penalizes,tie,1.54552,0.001,-0.000162829,0.00216283,0,0,0
B_vs_A,S2,diversified_regional,0.5,penalizes,tie,1.54552,0.001,-0.000162829,0.00216283,0,0,0
B_vs_A,S2,diversified_regional,0.5,neutral,tie,1.54552,0.001,-0.000162829,0.00216283,0,0,0
B_vs_A,S2,diversified_regional,0.5,encourages,tie,1.54552,0.001,-0.000162829,0.00216283,0,0,0
B_vs_A,S2,diversified_regional,0.5,strongly_encourages,tie,1.54552,0.001,-0.000162829,0.00216283,0,0,0
B_vs_A,S2,diversified_regional,0.7,strongly_penalizes,tie,1.54552,0.001,-0.000162829,0.00216283,0,0,0
B_vs_A,S2,diversified_regional,0.7,penalizes,tie,1.54552,0.001,-0.000162829,0.00216283,0,0,0
B_vs_A,S2,diversified_regional,0.7,neutral,x_leads,1.54552,0.0015,7.61876e-05,0.00292381,0,0,0
B_vs_A,S2,diversified_regional,0.7,encourages,x_leads,1.54552,0.0015,7.61876e-05,0.00292381,0,0,0
B_vs_A,S2,diversified_regional,0.7,strongly_encourages,x_leads,1.54552,0.0015,7.61876e-05,0.00292381,0,0,0
B_vs_A,S2,diversified_regional,0.9,strongly_penalizes,tie,1.54552,0.001,-0.000162829,0.00216283,0,0,0
B_vs_A,S2,diversified_regional,0.9,penalizes,tie,1.54552,0.001,-0.000162829,0.00216283,0,0,0
B_vs_A,S2,diversified_regional,0.9,neutral,x_leads,1.54552,0.0015,7.61876e-05,0.00292381,0,0,0
B_vs_A,S2,diversified_regional,0.9,encourages,x_leads,1.54552,0.002,0.000356335,0.00364367,0,0,0
B_vs_A,S2,diversified_regional,0.9,strongly_encourages,x_leads,1.54552,0.002,0.000356335,0.00364367,0,0,0
B_vs_A,S2,regional_cat3,0.0,strongly_penalizes,tie,5.70982,0,0,0,0,0,0
B_vs_A,S2,regional_cat3,0.0,penalizes,tie,5.70982,0,0,0,0,0,0
B_vs_A,S2,regional_cat3,0.0,neutral,tie,5.70982,0,0,0,0,0,0
B_vs_A,S2,regional_cat3,0.0,encourages,tie,5.70982,0,0,0,0,0,0
B_vs_A,S2,regional_cat3,0.0,strongly_encourages,tie,5.70982,0,0,0,0,0,0
B_vs_A,S2,regional_cat3,0.1,strongly_penalizes,tie,5.70982,0,0,0,0,0,0
B_vs_A,S2,regional_cat3,0.1,penalizes,tie,5.70982,0,0,0,0,0,0
B_vs_A,S2,regional_cat3,0.1,neutral,tie,5.70982,0,0,0,0,0,0
B_vs_A,S2,regional_cat3,0.1,encourages,tie,5.70982,0,0,0,0,0,0
B_vs_A,S2,regional_cat3,0.1,strongly_encourages,tie,5.70982,0,0,0,0,0,0
B_vs_A,S2,regional_cat3,0.2,strongly_penalizes,tie,5.70982,0.0005,-0.00032245,0.00132245,0,0,0
B_vs_A,S2,regional_cat3,0.2,penalizes,tie,5.70982,0.001,-0.000162829,0.00216283,0,0,0
B_vs_A,S2,regional_cat3,0.2,neutral,tie,5.70982,0.001,-0.000162829,0.00216283,0,0,0
B_vs_A,S2,regional_cat3,0.2,encourages,tie,5.70982,0.001,-0.000162829,0.00216283,0,0,0
B_vs_A,S2,regional_cat3,0.2,strongly_encourages,tie,5.70982,0.001,-0.000162829,0.00216283,0,0,0
B_vs_A,S2,regional_cat3,0.35,strongly_penalizes,tie,5.70982,0.0005,-0.00032245,0.00132245,0,0,0
B_vs_A,S2,regional_cat3,0.35,penalizes,x_leads,5.70982,0.0015,7.61876e-05,0.00292381,0,0,0
B_vs_A,S2,regional_cat3,0.35,neutral,x_leads,5.70982,0.0015,7.61876e-05,0.00292381,0,0,0
B_vs_A,S2,regional_cat3,0.35,encourages,x_leads,5.70982,0.0015,7.61876e-05,0.00292381,0,0,0
B_vs_A,S2,regional_cat3,0.35,strongly_encourages,x_leads,5.70982,0.0015,7.61876e-05,0.00292381,0,0,0
B_vs_A,S2,regional_cat3,0.5,strongly_penalizes,tie,5.70982,0.0005,-0.00032245,0.00132245,0,0,0
B_vs_A,S2,regional_cat3,0.5,penalizes,x_leads,5.70982,0.0015,7.61876e-05,0.00292381,0,0,0
B_vs_A,S2,regional_cat3,0.5,neutral,x_leads,5.70982,0.002,0.000356335,0.00364367,0,0,0
B_vs_A,S2,regional_cat3,0.5,encourages,x_leads,5.70982,0.002,0.000356335,0.00364367,0,0,0
B_vs_A,S2,regional_cat3,0.5,strongly_encourages,x_leads,5.70982,0.002,0.000356335,0.00364367,0,0,0
B_vs_A,S2,regional_cat3,0.7,strongly_penalizes,tie,5.70982,0.0005,-0.00032245,0.00132245,0,0,0
B_vs_A,S2,regional_cat3,0.7,penalizes,tie,5.70982,0.0005,-0.00032245,0.00132245,0,0,0
B_vs_A,S2,regional_cat3,0.7,neutral,x_leads,5.70982,0.0015,7.61876e-05,0.00292381,0,0,0
B_vs_A,S2,regional_cat3,0.7,encourages,x_leads,5.70982,0.0015,7.61876e-05,0.00292381,0,0,0
B_vs_A,S2,regional_cat3,0.7,strongly_encourages,x_leads,5.70982,0.0025,0.000662787,0.00433721,0,0,0
B_vs_A,S2,regional_cat3,0.9,strongly_penalizes,x_leads,5.70982,0.0015,7.61876e-05,0.00292381,0,0,0
B_vs_A,S2,regional_cat3,0.9,penalizes,tie,5.70982,0.001,-0.000162829,0.00216283,0,0,0
B_vs_A,S2,regional_cat3,0.9,neutral,x_leads,5.70982,0.002,0.000356335,0.00364367,0,0,0
B_vs_A,S2,regional_cat3,0.9,encourages,x_leads,5.70982,0.002,0.000356335,0.00364367,0,0,0
B_vs_A,S2,regional_cat3,0.9,strongly_encourages,x_leads,5.70982,0.002,0.000356335,0.00364367,0,0,0
B_vs_A,S2,gsib,0.0,strongly_penalizes,tie,19.6023,0,0,0,0,0,0
B_vs_A,S2,gsib,0.0,penalizes,tie,19.6023,0,0,0,0,0,0
B_vs_A,S2,gsib,0.0,neutral,tie,19.6023,0,0,0,0,0,0
B_vs_A,S2,gsib,0.0,encourages,tie,19.6023,0,0,0,0,0,0
B_vs_A,S2,gsib,0.0,strongly_encourages,tie,19.6023,0,0,0,0,0,0
B_vs_A,S2,gsib,0.1,strongly_penalizes,tie,19.6023,0,0,0,0,0,0
B_vs_A,S2,gsib,0.1,penalizes,tie,19.6023,0,0,0,0,0,0
B_vs_A,S2,gsib,0.1,neutral,tie,19.6023,0,0,0,0,0,0
B_vs_A,S2,gsib,0.1,encourages,tie,19.6023,0,0,0,0,0,0
B_vs_A,S2,gsib,0.1,strongly_encourages,tie,19.6023,0,0,0,0,0,0
B_vs_A,S2,gsib,0.2,strongly_penalizes,tie,19.6023,0,0,0,0,0,0
B_vs_A,S2,gsib,0.2,penalizes,tie,19.6023,0,0,0,0,0,0
B_vs_A,S2,gsib,0.2,neutral,tie,19.6023,0,0,0,0,0,0
B_vs_A,S2,gsib,0.2,encourages,tie,19.6023,0,0,0,0,0,0
B_vs_A,S2,gsib,0.2,strongly_encourages,tie,19.6023,0,0,0,0,0,0
B_vs_A,S2,gsib,0.35,strongly_penalizes,tie,19.6023,0,0,0,0,0,0
B_vs_A,S2,gsib,0.35,penalizes,tie,19.6023,0,0,0,0,0,0
B_vs_A,S2,gsib,0.35,neutral,tie,19.6023,0,0,0,0,0,0
B_vs_A,S2,gsib,0.35,encourages,tie,19.6023,0,0,0,0,0,0
B_vs_A,S2,gsib,0.35,strongly_encourages,tie,19.6023,0,0,0,0,0,0
B_vs_A,S2,gsib,0.5,strongly_penalizes,tie,19.6023,0,0,0,0,0,0
B_vs_A,S2,gsib,0.5,penalizes,tie,19.6023,0,0,0,0,0,0
B_vs_A,S2,gsib,0.5,neutral,tie,19.6023,0,0,0,0,0,0
B_vs_A,S2,gsib,0.5,encourages,tie,19.6023,0,0,0,0,0,0
B_vs_A,S2,gsib,0.5,strongly_encourages,tie,19.6023,0,0,0,0,0,0
B_vs_A,S2,gsib,0.7,strongly_penalizes,tie,19.6023,0,0,0,0,0,0
B_vs_A,S2,gsib,0.7,penalizes,tie,19.6023,0,0,0,0,0,0
B_vs_A,S2,gsib,0.7,neutral,tie,19.6023,0,0,0,0,0,0
B_vs_A,S2,gsib,0.7,encourages,tie,19.6023,0,0,0,0,0,0
B_vs_A,S2,gsib,0.7,strongly_encourages,tie,19.6023,0,0,0,0,0,0
B_vs_A,S2,gsib,0.9,strongly_penalizes,tie,19.6023,0,0,0,0,0,0
B_vs_A,S2,gsib,0.9,penalizes,tie,19.6023,0,0,0,0,0,0
B_vs_A,S2,gsib,0.9,neutral,tie,19.6023,0,0,0,0,0,0
B_vs_A,S2,gsib,0.9,encourages,tie,19.6023,0,0,0,0,0,0
B_vs_A,S2,gsib,0.9,strongly_encourages,tie,19.6023,0,0,0,0,0,0
E_vs_A,S1,svb_like,0.0,strongly_penalizes,x_leads,7.65315,0.769,0.753494,0.784506,0,0,0
E_vs_A,S1,svb_like,0.0,penalizes,x_leads,7.65315,0.769,0.753494,0.784506,0,0,0
E_vs_A,S1,svb_like,0.0,neutral,x_leads,7.65315,0.769,0.753494,0.784506,0,0,0
E_vs_A,S1,svb_like,0.0,encourages,x_leads,7.65315,0.769,0.753494,0.784506,0,0,0
E_vs_A,S1,svb_like,0.0,strongly_encourages,x_leads,7.65315,0.769,0.753494,0.784506,0,0,0
E_vs_A,S1,svb_like,0.1,strongly_penalizes,x_leads,7.65315,0.7515,0.735601,0.767399,0,0,0
E_vs_A,S1,svb_like,0.1,penalizes,x_leads,7.65315,0.7515,0.735601,0.767399,0,0,0
E_vs_A,S1,svb_like,0.1,neutral,x_leads,7.65315,0.7515,0.735601,0.767399,0,0,0
E_vs_A,S1,svb_like,0.1,encourages,x_leads,7.65315,0.7515,0.735601,0.767399,0,0,0
E_vs_A,S1,svb_like,0.1,strongly_encourages,x_leads,7.65315,0.7515,0.735601,0.767399,0,0,0
E_vs_A,S1,svb_like,0.2,strongly_penalizes,x_leads,7.65315,0.7395,0.723352,0.755648,0,0,0
E_vs_A,S1,svb_like,0.2,penalizes,x_leads,7.65315,0.7395,0.723352,0.755648,0,0,0
E_vs_A,S1,svb_like,0.2,neutral,x_leads,7.65315,0.7395,0.723352,0.755648,0,0,0
E_vs_A,S1,svb_like,0.2,encourages,x_leads,7.65315,0.7395,0.723352,0.755648,0,0,0
E_vs_A,S1,svb_like,0.2,strongly_encourages,x_leads,7.65315,0.7395,0.723352,0.755648,0,0,0
E_vs_A,S1,svb_like,0.35,strongly_penalizes,x_leads,7.65315,0.718,0.701445,0.734555,0,0,0
E_vs_A,S1,svb_like,0.35,penalizes,x_leads,7.65315,0.718,0.701445,0.734555,0,0,0
E_vs_A,S1,svb_like,0.35,neutral,x_leads,7.65315,0.718,0.701445,0.734555,0,0,0
E_vs_A,S1,svb_like,0.35,encourages,x_leads,7.65315,0.718,0.701445,0.734555,0,0,0
E_vs_A,S1,svb_like,0.35,strongly_encourages,x_leads,7.65315,0.718,0.701445,0.734555,0,0,0
E_vs_A,S1,svb_like,0.5,strongly_penalizes,x_leads,7.65315,0.694,0.677046,0.710954,0,0,0
E_vs_A,S1,svb_like,0.5,penalizes,x_leads,7.65315,0.694,0.677046,0.710954,0,0,0
E_vs_A,S1,svb_like,0.5,neutral,x_leads,7.65315,0.694,0.677046,0.710954,0,0,0
E_vs_A,S1,svb_like,0.5,encourages,x_leads,7.65315,0.694,0.677046,0.710954,0,0,0
E_vs_A,S1,svb_like,0.5,strongly_encourages,x_leads,7.65315,0.694,0.677046,0.710954,0,0,0
E_vs_A,S1,svb_like,0.7,strongly_penalizes,x_leads,7.65315,0.664,0.646623,0.681377,0,0,0
E_vs_A,S1,svb_like,0.7,penalizes,x_leads,7.65315,0.664,0.646623,0.681377,0,0,0
E_vs_A,S1,svb_like,0.7,neutral,x_leads,7.65315,0.664,0.646623,0.681377,0,0,0
E_vs_A,S1,svb_like,0.7,encourages,x_leads,7.65315,0.664,0.646623,0.681377,0,0,0
E_vs_A,S1,svb_like,0.7,strongly_encourages,x_leads,7.65315,0.664,0.646623,0.681377,0,0,0
E_vs_A,S1,svb_like,0.9,strongly_penalizes,x_leads,7.65315,0.6285,0.610723,0.646277,0,0,0
E_vs_A,S1,svb_like,0.9,penalizes,x_leads,7.65315,0.6285,0.610723,0.646277,0,0,0
E_vs_A,S1,svb_like,0.9,neutral,x_leads,7.65315,0.6285,0.610723,0.646277,0,0,0
E_vs_A,S1,svb_like,0.9,encourages,x_leads,7.65315,0.6285,0.610723,0.646277,0,0,0
E_vs_A,S1,svb_like,0.9,strongly_encourages,x_leads,7.65315,0.6285,0.610723,0.646277,0,0,0
E_vs_A,S1,diversified_regional,0.0,strongly_penalizes,x_leads,1.54552,0.021,0.0157249,0.0262751,0,0,0
E_vs_A,S1,diversified_regional,0.0,penalizes,x_leads,1.54552,0.0145,0.0101021,0.0188979,0,0,0
E_vs_A,S1,diversified_regional,0.0,neutral,x_leads,1.54552,0.0145,0.0101021,0.0188979,0,0,0
E_vs_A,S1,diversified_regional,0.0,encourages,x_leads,1.54552,0.0145,0.0101021,0.0188979,0,0,0
E_vs_A,S1,diversified_regional,0.0,strongly_encourages,x_leads,1.54552,0.0145,0.0101021,0.0188979,0,0,0
E_vs_A,S1,diversified_regional,0.1,strongly_penalizes,x_leads,1.54552,0.025,0.0192561,0.0307439,0,0,0
E_vs_A,S1,diversified_regional,0.1,penalizes,x_leads,1.54552,0.0185,0.0135425,0.0234575,0,0,0
E_vs_A,S1,diversified_regional,0.1,neutral,x_leads,1.54552,0.019,0.0139772,0.0240228,0,0,0
E_vs_A,S1,diversified_regional,0.1,encourages,x_leads,1.54552,0.019,0.0139772,0.0240228,0,0,0
E_vs_A,S1,diversified_regional,0.1,strongly_encourages,x_leads,1.54552,0.019,0.0139772,0.0240228,0,0,0
E_vs_A,S1,diversified_regional,0.2,strongly_penalizes,x_leads,1.54552,0.03,0.023724,0.036276,0,0,0
E_vs_A,S1,diversified_regional,0.2,penalizes,x_leads,1.54552,0.022,0.0166035,0.0273965,0,0,0
E_vs_A,S1,diversified_regional,0.2,neutral,x_leads,1.54552,0.023,0.017485,0.028515,0,0,0
E_vs_A,S1,diversified_regional,0.2,encourages,x_leads,1.54552,0.023,0.017485,0.028515,0,0,0
E_vs_A,S1,diversified_regional,0.2,strongly_encourages,x_leads,1.54552,0.023,0.017485,0.028515,0,0,0
E_vs_A,S1,diversified_regional,0.35,strongly_penalizes,x_leads,1.54552,0.036,0.0291463,0.0428537,0,0,0
E_vs_A,S1,diversified_regional,0.35,penalizes,x_leads,1.54552,0.028,0.0219306,0.0340694,0,0,0
E_vs_A,S1,diversified_regional,0.35,neutral,x_leads,1.54552,0.029,0.0228264,0.0351736,0,0,0
E_vs_A,S1,diversified_regional,0.35,encourages,x_leads,1.54552,0.029,0.0228264,0.0351736,0,0,0
E_vs_A,S1,diversified_regional,0.35,strongly_encourages,x_leads,1.54552,0.029,0.0228264,0.0351736,0,0,0
E_vs_A,S1,diversified_regional,0.5,strongly_penalizes,x_leads,1.54552,0.045,0.0373732,0.0526268,0,0,0
E_vs_A,S1,diversified_regional,0.5,penalizes,x_leads,1.54552,0.035,0.0282387,0.0417613,0,0,0
E_vs_A,S1,diversified_regional,0.5,neutral,x_leads,1.54552,0.0375,0.0305105,0.0444895,0,0,0
E_vs_A,S1,diversified_regional,0.5,encourages,x_leads,1.54552,0.038,0.0309658,0.0450342,0,0,0
E_vs_A,S1,diversified_regional,0.5,strongly_encourages,x_leads,1.54552,0.038,0.0309658,0.0450342,0,0,0
E_vs_A,S1,diversified_regional,0.7,strongly_penalizes,x_leads,1.54552,0.053,0.0447577,0.0612423,0,0,0
E_vs_A,S1,diversified_regional,0.7,penalizes,x_leads,1.54552,0.0425,0.0350784,0.0499216,0,0,0
E_vs_A,S1,diversified_regional,0.7,neutral,x_leads,1.54552,0.0425,0.0350784,0.0499216,0,0,0
E_vs_A,S1,diversified_regional,0.7,encourages,x_leads,1.54552,0.0435,0.0359955,0.0510045,0,0,0
E_vs_A,S1,diversified_regional,0.7,strongly_encourages,x_leads,1.54552,0.045,0.0373732,0.0526268,0,0,0
E_vs_A,S1,diversified_regional,0.9,strongly_penalizes,x_leads,1.54552,0.062,0.0531278,0.0708722,0,0,0
E_vs_A,S1,diversified_regional,0.9,penalizes,x_leads,1.54552,0.0505,0.0424439,0.0585561,0,0,0
E_vs_A,S1,diversified_regional,0.9,neutral,x_leads,1.54552,0.047,0.0392137,0.0547863,0,0,0
E_vs_A,S1,diversified_regional,0.9,encourages,x_leads,1.54552,0.0485,0.0405967,0.0564033,0,0,0
E_vs_A,S1,diversified_regional,0.9,strongly_encourages,x_leads,1.54552,0.049,0.0410582,0.0569418,0,0,0
E_vs_A,S1,regional_cat3,0.0,strongly_penalizes,x_leads,5.70982,0.0305,0.0241736,0.0368264,0,0,0
E_vs_A,S1,regional_cat3,0.0,penalizes,x_leads,5.70982,0.0165,0.0118134,0.0211866,0,0,0
E_vs_A,S1,regional_cat3,0.0,neutral,x_leads,5.70982,0.0165,0.0118134,0.0211866,0,0,0
E_vs_A,S1,regional_cat3,0.0,encourages,x_leads,5.70982,0.0165,0.0118134,0.0211866,0,0,0
E_vs_A,S1,regional_cat3,0.0,strongly_encourages,x_leads,5.70982,0.0165,0.0118134,0.0211866,0,0,0
E_vs_A,S1,regional_cat3,0.1,strongly_penalizes,x_leads,5.70982,0.039,0.0318776,0.0461224,0,0,0
E_vs_A,S1,regional_cat3,0.1,penalizes,x_leads,5.70982,0.0245,0.0188124,0.0301876,0,0,0
E_vs_A,S1,regional_cat3,0.1,neutral,x_leads,5.70982,0.0245,0.0188124,0.0301876,0,0,0
E_vs_A,S1,regional_cat3,0.1,encourages,x_leads,5.70982,0.0245,0.0188124,0.0301876,0,0,0
E_vs_A,S1,regional_cat3,0.1,strongly_encourages,x_leads,5.70982,0.0245,0.0188124,0.0301876,0,0,0
E_vs_A,S1,regional_cat3,0.2,strongly_penalizes,x_leads,5.70982,0.0475,0.0396745,0.0553255,0,0,0
E_vs_A,S1,regional_cat3,0.2,penalizes,x_leads,5.70982,0.032,0.0255249,0.0384751,0,0,0
E_vs_A,S1,regional_cat3,0.2,neutral,x_leads,5.70982,0.0315,0.025074,0.037926,0,0,0
E_vs_A,S1,regional_cat3,0.2,encourages,x_leads,5.70982,0.0315,0.025074,0.037926,0,0,0
E_vs_A,S1,regional_cat3,0.2,strongly_encourages,x_leads,5.70982,0.0315,0.025074,0.037926,0,0,0
E_vs_A,S1,regional_cat3,0.35,strongly_penalizes,x_leads,5.70982,0.062,0.0531278,0.0708722,0,0,0
E_vs_A,S1,regional_cat3,0.35,penalizes,x_leads,5.70982,0.041,0.0337048,0.0482952,0,0,0
E_vs_A,S1,regional_cat3,0.35,neutral,x_leads,5.70982,0.0405,0.0332476,0.0477524,0,0,0
E_vs_A,S1,regional_cat3,0.35,encourages,x_leads,5.70982,0.0405,0.0332476,0.0477524,0,0,0
E_vs_A,S1,regional_cat3,0.35,strongly_encourages,x_leads,5.70982,0.0405,0.0332476,0.0477524,0,0,0
E_vs_A,S1,regional_cat3,0.5,strongly_penalizes,x_leads,5.70982,0.0745,0.0648395,0.0841605,0,0,0
E_vs_A,S1,regional_cat3,0.5,penalizes,x_leads,5.70982,0.0535,0.0452211,0.0617789,0,0,0
E_vs_A,S1,regional_cat3,0.5,neutral,x_leads,5.70982,0.0505,0.0424439,0.0585561,0,0,0
E_vs_A,S1,regional_cat3,0.5,encourages,x_leads,5.70982,0.0505,0.0424439,0.0585561,0,0,0
E_vs_A,S1,regional_cat3,0.5,strongly_encourages,x_leads,5.70982,0.0505,0.0424439,0.0585561,0,0,0
E_vs_A,S1,regional_cat3,0.7,strongly_penalizes,x_leads,5.70982,0.091,0.0804188,0.101581,0,0,0
E_vs_A,S1,regional_cat3,0.7,penalizes,x_leads,5.70982,0.0715,0.0620207,0.0809793,0,0,0
E_vs_A,S1,regional_cat3,0.7,neutral,x_leads,5.70982,0.0655,0.0563979,0.0746021,0,0,0
E_vs_A,S1,regional_cat3,0.7,encourages,x_leads,5.70982,0.0655,0.0563979,0.0746021,0,0,0
E_vs_A,S1,regional_cat3,0.7,strongly_encourages,x_leads,5.70982,0.0665,0.0573336,0.0756664,0,0,0
E_vs_A,S1,regional_cat3,0.9,strongly_penalizes,x_leads,5.70982,0.1105,0.0989658,0.122034,0,0,0
E_vs_A,S1,regional_cat3,0.9,penalizes,x_leads,5.70982,0.0885,0.0780508,0.0989492,0,0,0
E_vs_A,S1,regional_cat3,0.9,neutral,x_leads,5.70982,0.0785,0.068605,0.088395,0,0,0
E_vs_A,S1,regional_cat3,0.9,encourages,x_leads,5.70982,0.079,0.0690762,0.0889238,0,0,0
E_vs_A,S1,regional_cat3,0.9,strongly_encourages,x_leads,5.70982,0.08,0.070019,0.089981,0,0,0
E_vs_A,S1,gsib,0.0,strongly_penalizes,tie,19.6023,0,0,0,0,0,0
E_vs_A,S1,gsib,0.0,penalizes,tie,19.6023,0,0,0,0,0,0
E_vs_A,S1,gsib,0.0,neutral,tie,19.6023,0,0,0,0,0,0
E_vs_A,S1,gsib,0.0,encourages,tie,19.6023,0,0,0,0,0,0
E_vs_A,S1,gsib,0.0,strongly_encourages,tie,19.6023,0,0,0,0,0,0
E_vs_A,S1,gsib,0.1,strongly_penalizes,tie,19.6023,0.0005,-0.00032245,0.00132245,0,0,0
E_vs_A,S1,gsib,0.1,penalizes,tie,19.6023,0.0005,-0.00032245,0.00132245,0,0,0
E_vs_A,S1,gsib,0.1,neutral,tie,19.6023,0.0005,-0.00032245,0.00132245,0,0,0
E_vs_A,S1,gsib,0.1,encourages,tie,19.6023,0.0005,-0.00032245,0.00132245,0,0,0
E_vs_A,S1,gsib,0.1,strongly_encourages,tie,19.6023,0.0005,-0.00032245,0.00132245,0,0,0
E_vs_A,S1,gsib,0.2,strongly_penalizes,tie,19.6023,0.0005,-0.00032245,0.00132245,0,0,0
E_vs_A,S1,gsib,0.2,penalizes,tie,19.6023,0.0005,-0.00032245,0.00132245,0,0,0
E_vs_A,S1,gsib,0.2,neutral,tie,19.6023,0.0005,-0.00032245,0.00132245,0,0,0
E_vs_A,S1,gsib,0.2,encourages,tie,19.6023,0.0005,-0.00032245,0.00132245,0,0,0
E_vs_A,S1,gsib,0.2,strongly_encourages,tie,19.6023,0.0005,-0.00032245,0.00132245,0,0,0
E_vs_A,S1,gsib,0.35,strongly_penalizes,x_leads,19.6023,0.0035,0.00132727,0.00567273,0,0,0
E_vs_A,S1,gsib,0.35,penalizes,x_leads,19.6023,0.003,0.000987938,0.00501206,0,0,0
E_vs_A,S1,gsib,0.35,neutral,x_leads,19.6023,0.0035,0.00132727,0.00567273,0,0,0
E_vs_A,S1,gsib,0.35,encourages,x_leads,19.6023,0.0035,0.00132727,0.00567273,0,0,0
E_vs_A,S1,gsib,0.35,strongly_encourages,x_leads,19.6023,0.0035,0.00132727,0.00567273,0,0,0
E_vs_A,S1,gsib,0.5,strongly_penalizes,x_leads,19.6023,0.003,0.000987938,0.00501206,0,0,0
E_vs_A,S1,gsib,0.5,penalizes,x_leads,19.6023,0.003,0.000987938,0.00501206,0,0,0
E_vs_A,S1,gsib,0.5,neutral,x_leads,19.6023,0.0035,0.00132727,0.00567273,0,0,0
E_vs_A,S1,gsib,0.5,encourages,x_leads,19.6023,0.0035,0.00132727,0.00567273,0,0,0
E_vs_A,S1,gsib,0.5,strongly_encourages,x_leads,19.6023,0.0035,0.00132727,0.00567273,0,0,0
E_vs_A,S1,gsib,0.7,strongly_penalizes,x_leads,19.6023,0.003,0.000987938,0.00501206,0,0,0
E_vs_A,S1,gsib,0.7,penalizes,x_leads,19.6023,0.0045,0.00203759,0.00696241,0,0,0
E_vs_A,S1,gsib,0.7,neutral,x_leads,19.6023,0.005,0.00240505,0.00759495,0,0,0
E_vs_A,S1,gsib,0.7,encourages,x_leads,19.6023,0.0055,0.00277907,0.00822093,0,0,0
E_vs_A,S1,gsib,0.7,strongly_encourages,x_leads,19.6023,0.0055,0.00277907,0.00822093,0,0,0
E_vs_A,S1,gsib,0.9,strongly_penalizes,x_leads,19.6023,0.003,0.000987938,0.00501206,0,0,0
E_vs_A,S1,gsib,0.9,penalizes,x_leads,19.6023,0.005,0.00240505,0.00759495,0,0,0
E_vs_A,S1,gsib,0.9,neutral,x_leads,19.6023,0.0065,0.00354353,0.00945647,0,0,0
E_vs_A,S1,gsib,0.9,encourages,x_leads,19.6023,0.007,0.0039327,0.0100673,0,0,0
E_vs_A,S1,gsib,0.9,strongly_encourages,x_leads,19.6023,0.0075,0.00432584,0.0106742,0,0,0
E_vs_A,S2,svb_like,0.0,strongly_penalizes,x_leads,7.65315,0.8405,0.82703,0.85397,0,0,0
E_vs_A,S2,svb_like,0.0,penalizes,x_leads,7.65315,0.8405,0.82703,0.85397,0,0,0
E_vs_A,S2,svb_like,0.0,neutral,x_leads,7.65315,0.8405,0.82703,0.85397,0,0,0
E_vs_A,S2,svb_like,0.0,encourages,x_leads,7.65315,0.8405,0.82703,0.85397,0,0,0
E_vs_A,S2,svb_like,0.0,strongly_encourages,x_leads,7.65315,0.8405,0.82703,0.85397,0,0,0
E_vs_A,S2,svb_like,0.1,strongly_penalizes,x_leads,7.65315,0.8325,0.818762,0.846238,0,0,0
E_vs_A,S2,svb_like,0.1,penalizes,x_leads,7.65315,0.833,0.819278,0.846722,0,0,0
E_vs_A,S2,svb_like,0.1,neutral,x_leads,7.65315,0.833,0.819278,0.846722,0,0,0
E_vs_A,S2,svb_like,0.1,encourages,x_leads,7.65315,0.833,0.819278,0.846722,0,0,0
E_vs_A,S2,svb_like,0.1,strongly_encourages,x_leads,7.65315,0.833,0.819278,0.846722,0,0,0
E_vs_A,S2,svb_like,0.2,strongly_penalizes,x_leads,7.65315,0.8185,0.80432,0.83268,0,0,0
E_vs_A,S2,svb_like,0.2,penalizes,x_leads,7.65315,0.819,0.804835,0.833165,0,0,0
E_vs_A,S2,svb_like,0.2,neutral,x_leads,7.65315,0.819,0.804835,0.833165,0,0,0
E_vs_A,S2,svb_like,0.2,encourages,x_leads,7.65315,0.819,0.804835,0.833165,0,0,0
E_vs_A,S2,svb_like,0.2,strongly_encourages,x_leads,7.65315,0.819,0.804835,0.833165,0,0,0
E_vs_A,S2,svb_like,0.35,strongly_penalizes,x_leads,7.65315,0.798,0.783229,0.812771,0,0,0
E_vs_A,S2,svb_like,0.35,penalizes,x_leads,7.65315,0.7985,0.783743,0.813257,0,0,0
E_vs_A,S2,svb_like,0.35,neutral,x_leads,7.65315,0.7985,0.783743,0.813257,0,0,0
E_vs_A,S2,svb_like,0.35,encourages,x_leads,7.65315,0.7985,0.783743,0.813257,0,0,0
E_vs_A,S2,svb_like,0.35,strongly_encourages,x_leads,7.65315,0.7985,0.783743,0.813257,0,0,0
E_vs_A,S2,svb_like,0.5,strongly_penalizes,x_leads,7.65315,0.784,0.76886,0.79914,0,0,0
E_vs_A,S2,svb_like,0.5,penalizes,x_leads,7.65315,0.785,0.769886,0.800114,0,0,0
E_vs_A,S2,svb_like,0.5,neutral,x_leads,7.65315,0.785,0.769886,0.800114,0,0,0
E_vs_A,S2,svb_like,0.5,encourages,x_leads,7.65315,0.785,0.769886,0.800114,0,0,0
E_vs_A,S2,svb_like,0.5,strongly_encourages,x_leads,7.65315,0.785,0.769886,0.800114,0,0,0
E_vs_A,S2,svb_like,0.7,strongly_penalizes,x_leads,7.65315,0.767,0.751447,0.782553,0,0,0
E_vs_A,S2,svb_like,0.7,penalizes,x_leads,7.65315,0.7685,0.752982,0.784018,0,0,0
E_vs_A,S2,svb_like,0.7,neutral,x_leads,7.65315,0.7685,0.752982,0.784018,0,0,0
E_vs_A,S2,svb_like,0.7,encourages,x_leads,7.65315,0.7685,0.752982,0.784018,0,0,0
E_vs_A,S2,svb_like,0.7,strongly_encourages,x_leads,7.65315,0.7685,0.752982,0.784018,0,0,0
E_vs_A,S2,svb_like,0.9,strongly_penalizes,x_leads,7.65315,0.7395,0.723352,0.755648,0,0,0
E_vs_A,S2,svb_like,0.9,penalizes,x_leads,7.65315,0.741,0.724883,0.757117,0,0,0
E_vs_A,S2,svb_like,0.9,neutral,x_leads,7.65315,0.741,0.724883,0.757117,0,0,0
E_vs_A,S2,svb_like,0.9,encourages,x_leads,7.65315,0.741,0.724883,0.757117,0,0,0
E_vs_A,S2,svb_like,0.9,strongly_encourages,x_leads,7.65315,0.741,0.724883,0.757117,0,0,0
E_vs_A,S2,diversified_regional,0.0,strongly_penalizes,tie,1.54552,0,0,0,0,0,0
E_vs_A,S2,diversified_regional,0.0,penalizes,tie,1.54552,0,0,0,0,0,0
E_vs_A,S2,diversified_regional,0.0,neutral,tie,1.54552,0,0,0,0,0,0
E_vs_A,S2,diversified_regional,0.0,encourages,tie,1.54552,0,0,0,0,0,0
E_vs_A,S2,diversified_regional,0.0,strongly_encourages,tie,1.54552,0,0,0,0,0,0
E_vs_A,S2,diversified_regional,0.1,strongly_penalizes,tie,1.54552,0.0005,-0.00032245,0.00132245,0,0,0
E_vs_A,S2,diversified_regional,0.1,penalizes,tie,1.54552,0.0005,-0.00032245,0.00132245,0,0,0
E_vs_A,S2,diversified_regional,0.1,neutral,tie,1.54552,0.0005,-0.00032245,0.00132245,0,0,0
E_vs_A,S2,diversified_regional,0.1,encourages,tie,1.54552,0.0005,-0.00032245,0.00132245,0,0,0
E_vs_A,S2,diversified_regional,0.1,strongly_encourages,tie,1.54552,0.0005,-0.00032245,0.00132245,0,0,0
E_vs_A,S2,diversified_regional,0.2,strongly_penalizes,tie,1.54552,0.0005,-0.00032245,0.00132245,0,0,0
E_vs_A,S2,diversified_regional,0.2,penalizes,tie,1.54552,0.0005,-0.00032245,0.00132245,0,0,0
E_vs_A,S2,diversified_regional,0.2,neutral,tie,1.54552,0.0005,-0.00032245,0.00132245,0,0,0
E_vs_A,S2,diversified_regional,0.2,encourages,tie,1.54552,0.0005,-0.00032245,0.00132245,0,0,0
E_vs_A,S2,diversified_regional,0.2,strongly_encourages,tie,1.54552,0.0005,-0.00032245,0.00132245,0,0,0
E_vs_A,S2,diversified_regional,0.35,strongly_penalizes,tie,1.54552,0.0005,-0.00032245,0.00132245,0,0,0
E_vs_A,S2,diversified_regional,0.35,penalizes,tie,1.54552,0.0005,-0.00032245,0.00132245,0,0,0
E_vs_A,S2,diversified_regional,0.35,neutral,tie,1.54552,0.0005,-0.00032245,0.00132245,0,0,0
E_vs_A,S2,diversified_regional,0.35,encourages,tie,1.54552,0.0005,-0.00032245,0.00132245,0,0,0
E_vs_A,S2,diversified_regional,0.35,strongly_encourages,tie,1.54552,0.0005,-0.00032245,0.00132245,0,0,0
E_vs_A,S2,diversified_regional,0.5,strongly_penalizes,tie,1.54552,0.001,-0.000162829,0.00216283,0,0,0
E_vs_A,S2,diversified_regional,0.5,penalizes,tie,1.54552,0.001,-0.000162829,0.00216283,0,0,0
E_vs_A,S2,diversified_regional,0.5,neutral,tie,1.54552,0.001,-0.000162829,0.00216283,0,0,0
E_vs_A,S2,diversified_regional,0.5,encourages,tie,1.54552,0.001,-0.000162829,0.00216283,0,0,0
E_vs_A,S2,diversified_regional,0.5,strongly_encourages,tie,1.54552,0.001,-0.000162829,0.00216283,0,0,0
E_vs_A,S2,diversified_regional,0.7,strongly_penalizes,tie,1.54552,0.001,-0.000162829,0.00216283,0,0,0
E_vs_A,S2,diversified_regional,0.7,penalizes,tie,1.54552,0.001,-0.000162829,0.00216283,0,0,0
E_vs_A,S2,diversified_regional,0.7,neutral,x_leads,1.54552,0.0015,7.61876e-05,0.00292381,0,0,0
E_vs_A,S2,diversified_regional,0.7,encourages,x_leads,1.54552,0.0015,7.61876e-05,0.00292381,0,0,0
E_vs_A,S2,diversified_regional,0.7,strongly_encourages,x_leads,1.54552,0.0015,7.61876e-05,0.00292381,0,0,0
E_vs_A,S2,diversified_regional,0.9,strongly_penalizes,tie,1.54552,0.001,-0.000162829,0.00216283,0,0,0
E_vs_A,S2,diversified_regional,0.9,penalizes,tie,1.54552,0.001,-0.000162829,0.00216283,0,0,0
E_vs_A,S2,diversified_regional,0.9,neutral,x_leads,1.54552,0.0015,7.61876e-05,0.00292381,0,0,0
E_vs_A,S2,diversified_regional,0.9,encourages,x_leads,1.54552,0.002,0.000356335,0.00364367,0,0,0
E_vs_A,S2,diversified_regional,0.9,strongly_encourages,x_leads,1.54552,0.002,0.000356335,0.00364367,0,0,0
E_vs_A,S2,regional_cat3,0.0,strongly_penalizes,tie,5.70982,0,0,0,0,0,0
E_vs_A,S2,regional_cat3,0.0,penalizes,tie,5.70982,0,0,0,0,0,0
E_vs_A,S2,regional_cat3,0.0,neutral,tie,5.70982,0,0,0,0,0,0
E_vs_A,S2,regional_cat3,0.0,encourages,tie,5.70982,0,0,0,0,0,0
E_vs_A,S2,regional_cat3,0.0,strongly_encourages,tie,5.70982,0,0,0,0,0,0
E_vs_A,S2,regional_cat3,0.1,strongly_penalizes,tie,5.70982,0,0,0,0,0,0
E_vs_A,S2,regional_cat3,0.1,penalizes,tie,5.70982,0,0,0,0,0,0
E_vs_A,S2,regional_cat3,0.1,neutral,tie,5.70982,0,0,0,0,0,0
E_vs_A,S2,regional_cat3,0.1,encourages,tie,5.70982,0,0,0,0,0,0
E_vs_A,S2,regional_cat3,0.1,strongly_encourages,tie,5.70982,0,0,0,0,0,0
E_vs_A,S2,regional_cat3,0.2,strongly_penalizes,tie,5.70982,0.0005,-0.00032245,0.00132245,0,0,0
E_vs_A,S2,regional_cat3,0.2,penalizes,tie,5.70982,0.001,-0.000162829,0.00216283,0,0,0
E_vs_A,S2,regional_cat3,0.2,neutral,tie,5.70982,0.001,-0.000162829,0.00216283,0,0,0
E_vs_A,S2,regional_cat3,0.2,encourages,tie,5.70982,0.001,-0.000162829,0.00216283,0,0,0
E_vs_A,S2,regional_cat3,0.2,strongly_encourages,tie,5.70982,0.001,-0.000162829,0.00216283,0,0,0
E_vs_A,S2,regional_cat3,0.35,strongly_penalizes,tie,5.70982,0.0005,-0.00032245,0.00132245,0,0,0
E_vs_A,S2,regional_cat3,0.35,penalizes,x_leads,5.70982,0.0015,7.61876e-05,0.00292381,0,0,0
E_vs_A,S2,regional_cat3,0.35,neutral,x_leads,5.70982,0.0015,7.61876e-05,0.00292381,0,0,0
E_vs_A,S2,regional_cat3,0.35,encourages,x_leads,5.70982,0.0015,7.61876e-05,0.00292381,0,0,0
E_vs_A,S2,regional_cat3,0.35,strongly_encourages,x_leads,5.70982,0.0015,7.61876e-05,0.00292381,0,0,0
E_vs_A,S2,regional_cat3,0.5,strongly_penalizes,tie,5.70982,0.0005,-0.00032245,0.00132245,0,0,0
E_vs_A,S2,regional_cat3,0.5,penalizes,x_leads,5.70982,0.0015,7.61876e-05,0.00292381,0,0,0
E_vs_A,S2,regional_cat3,0.5,neutral,x_leads,5.70982,0.002,0.000356335,0.00364367,0,0,0
E_vs_A,S2,regional_cat3,0.5,encourages,x_leads,5.70982,0.002,0.000356335,0.00364367,0,0,0
E_vs_A,S2,regional_cat3,0.5,strongly_encourages,x_leads,5.70982,0.002,0.000356335,0.00364367,0,0,0
E_vs_A,S2,regional_cat3,0.7,strongly_penalizes,tie,5.70982,0.0005,-0.00032245,0.00132245,0,0,0
E_vs_A,S2,regional_cat3,0.7,penalizes,tie,5.70982,0.0005,-0.00032245,0.00132245,0,0,0
E_vs_A,S2,regional_cat3,0.7,neutral,x_leads,5.70982,0.0015,7.61876e-05,0.00292381,0,0,0
E_vs_A,S2,regional_cat3,0.7,encourages,x_leads,5.70982,0.0015,7.61876e-05,0.00292381,0,0,0
E_vs_A,S2,regional_cat3,0.7,strongly_encourages,x_leads,5.70982,0.0025,0.000662787,0.00433721,0,0,0
E_vs_A,S2,regional_cat3,0.9,strongly_penalizes,x_leads,5.70982,0.0015,7.61876e-05,0.00292381,0,0,0
E_vs_A,S2,regional_cat3,0.9,penalizes,tie,5.70982,0.001,-0.000162829,0.00216283,0,0,0
E_vs_A,S2,regional_cat3,0.9,neutral,x_leads,5.70982,0.002,0.000356335,0.00364367,0,0,0
E_vs_A,S2,regional_cat3,0.9,encourages,x_leads,5.70982,0.002,0.000356335,0.00364367,0,0,0
E_vs_A,S2,regional_cat3,0.9,strongly_encourages,x_leads,5.70982,0.002,0.000356335,0.00364367,0,0,0
E_vs_A,S2,gsib,0.0,strongly_penalizes,tie,19.6023,0,0,0,0,0,0
E_vs_A,S2,gsib,0.0,penalizes,tie,19.6023,0,0,0,0,0,0
E_vs_A,S2,gsib,0.0,neutral,tie,19.6023,0,0,0,0,0,0
E_vs_A,S2,gsib,0.0,encourages,tie,19.6023,0,0,0,0,0,0
E_vs_A,S2,gsib,0.0,strongly_encourages,tie,19.6023,0,0,0,0,0,0
E_vs_A,S2,gsib,0.1,strongly_penalizes,tie,19.6023,0,0,0,0,0,0
E_vs_A,S2,gsib,0.1,penalizes,tie,19.6023,0,0,0,0,0,0
E_vs_A,S2,gsib,0.1,neutral,tie,19.6023,0,0,0,0,0,0
E_vs_A,S2,gsib,0.1,encourages,tie,19.6023,0,0,0,0,0,0
E_vs_A,S2,gsib,0.1,strongly_encourages,tie,19.6023,0,0,0,0,0,0
E_vs_A,S2,gsib,0.2,strongly_penalizes,tie,19.6023,0,0,0,0,0,0
E_vs_A,S2,gsib,0.2,penalizes,tie,19.6023,0,0,0,0,0,0
E_vs_A,S2,gsib,0.2,neutral,tie,19.6023,0,0,0,0,0,0
E_vs_A,S2,gsib,0.2,encourages,tie,19.6023,0,0,0,0,0,0
E_vs_A,S2,gsib,0.2,strongly_encourages,tie,19.6023,0,0,0,0,0,0
E_vs_A,S2,gsib,0.35,strongly_penalizes,tie,19.6023,0,0,0,0,0,0
E_vs_A,S2,gsib,0.35,penalizes,tie,19.6023,0,0,0,0,0,0
E_vs_A,S2,gsib,0.35,neutral,tie,19.6023,0,0,0,0,0,0
E_vs_A,S2,gsib,0.35,encourages,tie,19.6023,0,0,0,0,0,0
E_vs_A,S2,gsib,0.35,strongly_encourages,tie,19.6023,0,0,0,0,0,0
E_vs_A,S2,gsib,0.5,strongly_penalizes,tie,19.6023,0,0,0,0,0,0
E_vs_A,S2,gsib,0.5,penalizes,tie,19.6023,0,0,0,0,0,0
E_vs_A,S2,gsib,0.5,neutral,tie,19.6023,0,0,0,0,0,0
E_vs_A,S2,gsib,0.5,encourages,tie,19.6023,0,0,0,0,0,0
E_vs_A,S2,gsib,0.5,strongly_encourages,tie,19.6023,0,0,0,0,0,0
E_vs_A,S2,gsib,0.7,strongly_penalizes,tie,19.6023,0,0,0,0,0,0
E_vs_A,S2,gsib,0.7,penalizes,tie,19.6023,0,0,0,0,0,0
E_vs_A,S2,gsib,0.7,neutral,tie,19.6023,0,0,0,0,0,0
E_vs_A,S2,gsib,0.7,encourages,tie,19.6023,0,0,0,0,0,0
E_vs_A,S2,gsib,0.7,strongly_encourages,tie,19.6023,0,0,0,0,0,0
E_vs_A,S2,gsib,0.9,strongly_penalizes,tie,19.6023,0,0,0,0,0,0
E_vs_A,S2,gsib,0.9,penalizes,tie,19.6023,0,0,0,0,0,0
E_vs_A,S2,gsib,0.9,neutral,tie,19.6023,0,0,0,0,0,0
E_vs_A,S2,gsib,0.9,encourages,tie,19.6023,0,0,0,0,0,0
E_vs_A,S2,gsib,0.9,strongly_encourages,tie,19.6023,0,0,0,0,0,0
C_prime_vs_C,S1,svb_like,0.0,strongly_penalizes,y_leads,-0.00214904,-0.0015,-0.00292381,-7.61876e-05,0,0,0
C_prime_vs_C,S1,svb_like,0.0,penalizes,y_leads,-0.00214904,-0.0015,-0.00292381,-7.61876e-05,0,0,0
C_prime_vs_C,S1,svb_like,0.0,neutral,y_leads,-0.00214904,-0.0015,-0.00292381,-7.61876e-05,0,0,0
C_prime_vs_C,S1,svb_like,0.0,encourages,y_leads,-0.00214904,-0.0015,-0.00292381,-7.61876e-05,0,0,0
C_prime_vs_C,S1,svb_like,0.0,strongly_encourages,y_leads,-0.00214904,-0.0015,-0.00292381,-7.61876e-05,0,0,0
C_prime_vs_C,S1,svb_like,0.1,strongly_penalizes,y_leads,-0.00214904,-0.0015,-0.00292381,-7.61876e-05,0,0,0
C_prime_vs_C,S1,svb_like,0.1,penalizes,y_leads,-0.00214904,-0.0015,-0.00292381,-7.61876e-05,0,0,0
C_prime_vs_C,S1,svb_like,0.1,neutral,y_leads,-0.00214904,-0.0015,-0.00292381,-7.61876e-05,0,0,0
C_prime_vs_C,S1,svb_like,0.1,encourages,y_leads,-0.00214904,-0.0015,-0.00292381,-7.61876e-05,0,0,0
C_prime_vs_C,S1,svb_like,0.1,strongly_encourages,y_leads,-0.00214904,-0.0015,-0.00292381,-7.61876e-05,0,0,0
C_prime_vs_C,S1,svb_like,0.2,strongly_penalizes,y_leads,-0.00214904,-0.0015,-0.00292381,-7.61876e-05,0,0,0
C_prime_vs_C,S1,svb_like,0.2,penalizes,y_leads,-0.00214904,-0.0015,-0.00292381,-7.61876e-05,0,0,0
C_prime_vs_C,S1,svb_like,0.2,neutral,y_leads,-0.00214904,-0.0015,-0.00292381,-7.61876e-05,0,0,0
C_prime_vs_C,S1,svb_like,0.2,encourages,y_leads,-0.00214904,-0.0015,-0.00292381,-7.61876e-05,0,0,0
C_prime_vs_C,S1,svb_like,0.2,strongly_encourages,y_leads,-0.00214904,-0.0015,-0.00292381,-7.61876e-05,0,0,0
C_prime_vs_C,S1,svb_like,0.35,strongly_penalizes,y_leads,-0.00214904,-0.002,-0.00364367,-0.000356335,0,0,0
C_prime_vs_C,S1,svb_like,0.35,penalizes,y_leads,-0.00214904,-0.002,-0.00364367,-0.000356335,0,0,0
C_prime_vs_C,S1,svb_like,0.35,neutral,y_leads,-0.00214904,-0.002,-0.00364367,-0.000356335,0,0,0
C_prime_vs_C,S1,svb_like,0.35,encourages,y_leads,-0.00214904,-0.002,-0.00364367,-0.000356335,0,0,0
C_prime_vs_C,S1,svb_like,0.35,strongly_encourages,y_leads,-0.00214904,-0.002,-0.00364367,-0.000356335,0,0,0
C_prime_vs_C,S1,svb_like,0.5,strongly_penalizes,y_leads,-0.00214904,-0.0015,-0.00292381,-7.61876e-05,0,0,0
C_prime_vs_C,S1,svb_like,0.5,penalizes,y_leads,-0.00214904,-0.0015,-0.00292381,-7.61876e-05,0,0,0
C_prime_vs_C,S1,svb_like,0.5,neutral,y_leads,-0.00214904,-0.0015,-0.00292381,-7.61876e-05,0,0,0
C_prime_vs_C,S1,svb_like,0.5,encourages,y_leads,-0.00214904,-0.0015,-0.00292381,-7.61876e-05,0,0,0
C_prime_vs_C,S1,svb_like,0.5,strongly_encourages,y_leads,-0.00214904,-0.0015,-0.00292381,-7.61876e-05,0,0,0
C_prime_vs_C,S1,svb_like,0.7,strongly_penalizes,y_leads,-0.00214904,-0.0015,-0.00292381,-7.61876e-05,0,0,0
C_prime_vs_C,S1,svb_like,0.7,penalizes,y_leads,-0.00214904,-0.0015,-0.00292381,-7.61876e-05,0,0,0
C_prime_vs_C,S1,svb_like,0.7,neutral,y_leads,-0.00214904,-0.0015,-0.00292381,-7.61876e-05,0,0,0
C_prime_vs_C,S1,svb_like,0.7,encourages,y_leads,-0.00214904,-0.0015,-0.00292381,-7.61876e-05,0,0,0
C_prime_vs_C,S1,svb_like,0.7,strongly_encourages,y_leads,-0.00214904,-0.0015,-0.00292381,-7.61876e-05,0,0,0
C_prime_vs_C,S1,svb_like,0.9,strongly_penalizes,y_leads,-0.00214904,-0.002,-0.00364367,-0.000356335,0,0,0
C_prime_vs_C,S1,svb_like,0.9,penalizes,y_leads,-0.00214904,-0.002,-0.00364367,-0.000356335,0,0,0
C_prime_vs_C,S1,svb_like,0.9,neutral,y_leads,-0.00214904,-0.002,-0.00364367,-0.000356335,0,0,0
C_prime_vs_C,S1,svb_like,0.9,encourages,y_leads,-0.00214904,-0.002,-0.00364367,-0.000356335,0,0,0
C_prime_vs_C,S1,svb_like,0.9,strongly_encourages,y_leads,-0.00214904,-0.002,-0.00364367,-0.000356335,0,0,0
C_prime_vs_C,S1,diversified_regional,0.0,strongly_penalizes,y_leads,0,-0.0065,-0.00945647,-0.00354353,0,0,0
C_prime_vs_C,S1,diversified_regional,0.0,penalizes,tie,0,0,0,0,0,0,0
C_prime_vs_C,S1,diversified_regional,0.0,neutral,tie,0,0,0,0,0,0,0
C_prime_vs_C,S1,diversified_regional,0.0,encourages,tie,0,0,0,0,0,0,0
C_prime_vs_C,S1,diversified_regional,0.0,strongly_encourages,tie,0,0,0,0,0,0,0
C_prime_vs_C,S1,diversified_regional,0.1,strongly_penalizes,y_leads,0,-0.007,-0.0104807,-0.00351928,0,0,0
C_prime_vs_C,S1,diversified_regional,0.1,penalizes,tie,0,-0.0005,-0.00192476,0.000924763,0,0,0
C_prime_vs_C,S1,diversified_regional,0.1,neutral,tie,0,-0.001,-0.00216283,0.000162829,0,0,0
C_prime_vs_C,S1,diversified_regional,0.1,encourages,tie,0,-0.001,-0.00216283,0.000162829,0,0,0
C_prime_vs_C,S1,diversified_regional,0.1,strongly_encourages,tie,0,-0.001,-0.00216283,0.000162829,0,0,0
C_prime_vs_C,S1,diversified_regional,0.2,strongly_penalizes,y_leads,0,-0.01,-0.0141786,-0.00582143,0,0,0
C_prime_vs_C,S1,diversified_regional,0.2,penalizes,tie,0,-0.002,-0.00401374,1.37428e-05,0,0,0
C_prime_vs_C,S1,diversified_regional,0.2,neutral,y_leads,0,-0.003,-0.00501206,-0.000987938,0,0,0
C_prime_vs_C,S1,diversified_regional,0.2,encourages,y_leads,0,-0.003,-0.00501206,-0.000987938,0,0,0
C_prime_vs_C,S1,diversified_regional,0.2,strongly_encourages,y_leads,0,-0.003,-0.00501206,-0.000987938,0,0,0
C_prime_vs_C,S1,diversified_regional,0.35,strongly_penalizes,y_leads,0,-0.013,-0.0180486,-0.00795141,0,0,0
C_prime_vs_C,S1,diversified_regional,0.35,penalizes,y_leads,0,-0.0045,-0.00788785,-0.00111215,0,0,0
C_prime_vs_C,S1,diversified_regional,0.35,neutral,y_leads,0,-0.0055,-0.00822093,-0.00277907,0,0,0
C_prime_vs_C,S1,diversified_regional,0.35,encourages,y_leads,0,-0.0055,-0.00822093,-0.00277907,0,0,0
C_prime_vs_C,S1,diversified_regional,0.35,strongly_encourages,y_leads,0,-0.0055,-0.00822093,-0.00277907,0,0,0
C_prime_vs_C,S1,diversified_regional,0.5,strongly_penalizes,y_leads,0,-0.019,-0.0250047,-0.0129953,0,0,0
C_prime_vs_C,S1,diversified_regional,0.5,penalizes,y_leads,0,-0.0085,-0.0127632,-0.00423681,0,0,0
C_prime_vs_C,S1,diversified_regional,0.5,neutral,y_leads,0,-0.011,-0.0150098,-0.0069902,0,0,0
C_prime_vs_C,S1,diversified_regional,0.5,encourages,y_leads,0,-0.0115,-0.0154226,-0.00757743,0,0,0
C_prime_vs_C,S1,diversified_regional,0.5,strongly_encourages,y_leads,0,-0.0115,-0.0154226,-0.00757743,0,0,0
C_prime_vs_C,S1,diversified_regional,0.7,strongly_penalizes,y_leads,0,-0.0225,-0.0289769,-0.0160231,0,0,0
C_prime_vs_C,S1,diversified_regional,0.7,penalizes,y_leads,0,-0.0105,-0.0156229,-0.00537706,0,0,0
C_prime_vs_C,S1,diversified_regional,0.7,neutral,y_leads,0,-0.0105,-0.0147572,-0.00624285,0,0,0
C_prime_vs_C,S1,diversified_regional,0.7,encourages,y_leads,0,-0.0115,-0.0157537,-0.00724635,0,0,0
C_prime_vs_C,S1,diversified_regional,0.7,strongly_encourages,y_leads,0,-0.013,-0.0171674,-0.00883262,0,0,0
C_prime_vs_C,S1,diversified_regional,0.9,strongly_penalizes,y_leads,0,-0.025,-0.0323925,-0.0176075,0,0,0
C_prime_vs_C,S1,diversified_regional,0.9,penalizes,y_leads,0,-0.0115,-0.0176965,-0.00530351,0,0,0
C_prime_vs_C,S1,diversified_regional,0.9,neutral,y_leads,0,-0.008,-0.0129272,-0.00307285,0,0,0
C_prime_vs_C,S1,diversified_regional,0.9,encourages,y_leads,0,-0.0095,-0.014067,-0.004933,0,0,0
C_prime_vs_C,S1,diversified_regional,0.9,strongly_encourages,y_leads,0,-0.01,-0.0144908,-0.00550917,0,0,0
C_prime_vs_C,S1,regional_cat3,0.0,strongly_penalizes,y_leads,-0.00921673,-0.2715,-0.287862,-0.255138,0,0,0
C_prime_vs_C,S1,regional_cat3,0.0,penalizes,y_leads,-0.00921673,-0.266,-0.282256,-0.249744,0,0,0
C_prime_vs_C,S1,regional_cat3,0.0,neutral,y_leads,-0.00921673,-0.266,-0.282256,-0.249744,0,0,0
C_prime_vs_C,S1,regional_cat3,0.0,encourages,y_leads,-0.00921673,-0.266,-0.282256,-0.249744,0,0,0
C_prime_vs_C,S1,regional_cat3,0.0,strongly_encourages,y_leads,-0.00921673,-0.266,-0.282256,-0.249744,0,0,0
C_prime_vs_C,S1,regional_cat3,0.1,strongly_penalizes,y_leads,-0.00921673,-0.275,-0.291427,-0.258573,0,0,0
C_prime_vs_C,S1,regional_cat3,0.1,penalizes,y_leads,-0.00921673,-0.27,-0.286333,-0.253667,0,0,0
C_prime_vs_C,S1,regional_cat3,0.1,neutral,y_leads,-0.00921673,-0.27,-0.286333,-0.253667,0,0,0
C_prime_vs_C,S1,regional_cat3,0.1,encourages,y_leads,-0.00921673,-0.27,-0.286333,-0.253667,0,0,0
C_prime_vs_C,S1,regional_cat3,0.1,strongly_encourages,y_leads,-0.00921673,-0.27,-0.286333,-0.253667,0,0,0
C_prime_vs_C,S1,regional_cat3,0.2,strongly_penalizes,y_leads,-0.00921673,-0.2825,-0.299064,-0.265936,0,0,0
C_prime_vs_C,S1,regional_cat3,0.2,penalizes,y_leads,-0.00921673,-0.275,-0.291427,-0.258573,0,0,0
C_prime_vs_C,S1,regional_cat3,0.2,neutral,y_leads,-0.00921673,-0.2755,-0.291937,-0.259063,0,0,0
C_prime_vs_C,S1,regional_cat3,0.2,encourages,y_leads,-0.00921673,-0.2755,-0.291937,-0.259063,0,0,0
C_prime_vs_C,S1,regional_cat3,0.2,strongly_encourages,y_leads,-0.00921673,-0.2755,-0.291937,-0.259063,0,0,0
C_prime_vs_C,S1,regional_cat3,0.35,strongly_penalizes,y_leads,-0.00921673,-0.2885,-0.305168,-0.271832,0,0,0
C_prime_vs_C,S1,regional_cat3,0.35,penalizes,y_leads,-0.00921673,-0.277,-0.293464,-0.260536,0,0,0
C_prime_vs_C,S1,regional_cat3,0.35,neutral,y_leads,-0.00921673,-0.2775,-0.293973,-0.261027,0,0,0
C_prime_vs_C,S1,regional_cat3,0.35,encourages,y_leads,-0.00921673,-0.2775,-0.293973,-0.261027,0,0,0
C_prime_vs_C,S1,regional_cat3,0.35,strongly_encourages,y_leads,-0.00921673,-0.2775,-0.293973,-0.261027,0,0,0
C_prime_vs_C,S1,regional_cat3,0.5,strongly_penalizes,y_leads,-0.00921673,-0.2985,-0.315335,-0.281665,0,0,0
C_prime_vs_C,S1,regional_cat3,0.5,penalizes,y_leads,-0.00921673,-0.284,-0.30059,-0.26741,0,0,0
C_prime_vs_C,S1,regional_cat3,0.5,neutral,y_leads,-0.00921673,-0.283,-0.299572,-0.266428,0,0,0
C_prime_vs_C,S1,regional_cat3,0.5,encourages,y_leads,-0.00921673,-0.283,-0.299572,-0.266428,0,0,0
C_prime_vs_C,S1,regional_cat3,0.5,strongly_encourages,y_leads,-0.00921673,-0.283,-0.299572,-0.266428,0,0,0
C_prime_vs_C,S1,regional_cat3,0.7,strongly_penalizes,y_leads,-0.00921673,-0.307,-0.324009,-0.289991,0,0,0
C_prime_vs_C,S1,regional_cat3,0.7,penalizes,y_leads,-0.00921673,-0.2925,-0.309236,-0.275764,0,0,0
C_prime_vs_C,S1,regional_cat3,0.7,neutral,y_leads,-0.00921673,-0.289,-0.305677,-0.272323,0,0,0
C_prime_vs_C,S1,regional_cat3,0.7,encourages,y_leads,-0.00921673,-0.289,-0.305677,-0.272323,0,0,0
C_prime_vs_C,S1,regional_cat3,0.7,strongly_encourages,y_leads,-0.00921673,-0.2895,-0.306186,-0.272814,0,0,0
C_prime_vs_C,S1,regional_cat3,0.9,strongly_penalizes,y_leads,-0.00921673,-0.318,-0.335173,-0.300827,0,0,0
C_prime_vs_C,S1,regional_cat3,0.9,penalizes,y_leads,-0.00921673,-0.3,-0.316859,-0.283141,0,0,0
C_prime_vs_C,S1,regional_cat3,0.9,neutral,y_leads,-0.00921673,-0.298,-0.314827,-0.281173,0,0,0
C_prime_vs_C,S1,regional_cat3,0.9,encourages,y_leads,-0.00921673,-0.298,-0.314827,-0.281173,0,0,0
C_prime_vs_C,S1,regional_cat3,0.9,strongly_encourages,y_leads,-0.00921673,-0.2985,-0.315335,-0.281665,0,0,0
C_prime_vs_C,S1,gsib,0.0,strongly_penalizes,y_leads,-0.0359448,-0.057,-0.0655296,-0.0484704,0,0,0
C_prime_vs_C,S1,gsib,0.0,penalizes,y_leads,-0.0359448,-0.054,-0.0623153,-0.0456847,0,0,0
C_prime_vs_C,S1,gsib,0.0,neutral,y_leads,-0.0359448,-0.054,-0.0623153,-0.0456847,0,0,0
C_prime_vs_C,S1,gsib,0.0,encourages,y_leads,-0.0359448,-0.054,-0.0623153,-0.0456847,0,0,0
C_prime_vs_C,S1,gsib,0.0,strongly_encourages,y_leads,-0.0359448,-0.054,-0.0623153,-0.0456847,0,0,0
C_prime_vs_C,S1,gsib,0.1,strongly_penalizes,y_leads,-0.0359448,-0.06,-0.0687372,-0.0512628,0,0,0
C_prime_vs_C,S1,gsib,0.1,penalizes,y_leads,-0.0359448,-0.057,-0.0655296,-0.0484704,0,0,0
C_prime_vs_C,S1,gsib,0.1,neutral,y_leads,-0.0359448,-0.057,-0.0655296,-0.0484704,0,0,0
C_prime_vs_C,S1,gsib,0.1,encourages,y_leads,-0.0359448,-0.057,-0.0655296,-0.0484704,0,0,0
C_prime_vs_C,S1,gsib,0.1,strongly_encourages,y_leads,-0.0359448,-0.057,-0.0655296,-0.0484704,0,0,0
C_prime_vs_C,S1,gsib,0.2,strongly_penalizes,y_leads,-0.0359448,-0.0635,-0.0724717,-0.0545283,0,0,0
C_prime_vs_C,S1,gsib,0.2,penalizes,y_leads,-0.0359448,-0.0595,-0.068203,-0.050797,0,0,0
C_prime_vs_C,S1,gsib,0.2,neutral,y_leads,-0.0359448,-0.0595,-0.068203,-0.050797,0,0,0
C_prime_vs_C,S1,gsib,0.2,encourages,y_leads,-0.0359448,-0.0595,-0.068203,-0.050797,0,0,0
C_prime_vs_C,S1,gsib,0.2,strongly_encourages,y_leads,-0.0359448,-0.0595,-0.068203,-0.050797,0,0,0
C_prime_vs_C,S1,gsib,0.35,strongly_penalizes,y_leads,-0.0359448,-0.0675,-0.0767302,-0.0582698,0,0,0
C_prime_vs_C,S1,gsib,0.35,penalizes,y_leads,-0.0359448,-0.0645,-0.0735372,-0.0554628,0,0,0
C_prime_vs_C,S1,gsib,0.35,neutral,y_leads,-0.0359448,-0.0645,-0.0735372,-0.0554628,0,0,0
C_prime_vs_C,S1,gsib,0.35,encourages,y_leads,-0.0359448,-0.0645,-0.0735372,-0.0554628,0,0,0
C_prime_vs_C,S1,gsib,0.35,strongly_encourages,y_leads,-0.0359448,-0.0645,-0.0735372,-0.0554628,0,0,0
C_prime_vs_C,S1,gsib,0.5,strongly_penalizes,y_leads,-0.0359448,-0.0675,-0.0767302,-0.0582698,0,0,0
C_prime_vs_C,S1,gsib,0.5,penalizes,y_leads,-0.0359448,-0.0655,-0.0746021,-0.0563979,0,0,0
C_prime_vs_C,S1,gsib,0.5,neutral,y_leads,-0.0359448,-0.0655,-0.0746021,-0.0563979,0,0,0
C_prime_vs_C,S1,gsib,0.5,encourages,y_leads,-0.0359448,-0.0655,-0.0746021,-0.0563979,0,0,0
C_prime_vs_C,S1,gsib,0.5,strongly_encourages,y_leads,-0.0359448,-0.0655,-0.0746021,-0.0563979,0,0,0
C_prime_vs_C,S1,gsib,0.7,strongly_penalizes,y_leads,-0.0359448,-0.073,-0.0825705,-0.0634295,0,0,0
C_prime_vs_C,S1,gsib,0.7,penalizes,y_leads,-0.0359448,-0.071,-0.0804487,-0.0615513,0,0,0
C_prime_vs_C,S1,gsib,0.7,neutral,y_leads,-0.0359448,-0.0705,-0.0799179,-0.0610821,0,0,0
C_prime_vs_C,S1,gsib,0.7,encourages,y_leads,-0.0359448,-0.0715,-0.0809793,-0.0620207,0,0,0
C_prime_vs_C,S1,gsib,0.7,strongly_encourages,y_leads,-0.0359448,-0.0715,-0.0809793,-0.0620207,0,0,0
C_prime_vs_C,S1,gsib,0.9,strongly_penalizes,y_leads,-0.0359448,-0.077,-0.086808,-0.067192,0,0,0
C_prime_vs_C,S1,gsib,0.9,penalizes,y_leads,-0.0359448,-0.0755,-0.0852199,-0.0657801,0,0,0
C_prime_vs_C,S1,gsib,0.9,neutral,y_leads,-0.0359448,-0.075,-0.0846902,-0.0653098,0,0,0
C_prime_vs_C,S1,gsib,0.9,encourages,y_leads,-0.0359448,-0.076,-0.0857494,-0.0662506,0,0,0
C_prime_vs_C,S1,gsib,0.9,strongly_encourages,y_leads,-0.0359448,-0.0765,-0.0862787,-0.0667213,0,0,0
C_prime_vs_C,S2,svb_like,0.0,strongly_penalizes,y_leads,-0.00214904,-0.0125,-0.0165875,-0.00841251,0,0,0
C_prime_vs_C,S2,svb_like,0.0,penalizes,y_leads,-0.00214904,-0.0125,-0.0165875,-0.00841251,0,0,0
C_prime_vs_C,S2,svb_like,0.0,neutral,y_leads,-0.00214904,-0.0125,-0.0165875,-0.00841251,0,0,0
C_prime_vs_C,S2,svb_like,0.0,encourages,y_leads,-0.00214904,-0.0125,-0.0165875,-0.00841251,0,0,0
C_prime_vs_C,S2,svb_like,0.0,strongly_encourages,y_leads,-0.00214904,-0.0125,-0.0165875,-0.00841251,0,0,0
C_prime_vs_C,S2,svb_like,0.1,strongly_penalizes,y_leads,-0.00214904,-0.0135,-0.0177457,-0.00925431,0,0,0
C_prime_vs_C,S2,svb_like,0.1,penalizes,y_leads,-0.00214904,-0.0135,-0.0177457,-0.00925431,0,0,0
C_prime_vs_C,S2,svb_like,0.1,neutral,y_leads,-0.00214904,-0.0135,-0.0177457,-0.00925431,0,0,0
C_prime_vs_C,S2,svb_like,0.1,encourages,y_leads,-0.00214904,-0.0135,-0.0177457,-0.00925431,0,0,0
C_prime_vs_C,S2,svb_like,0.1,strongly_encourages,y_leads,-0.00214904,-0.0135,-0.0177457,-0.00925431,0,0,0
C_prime_vs_C,S2,svb_like,0.2,strongly_penalizes,y_leads,-0.00214904,-0.012,-0.0160059,-0.00799408,0,0,0
C_prime_vs_C,S2,svb_like,0.2,penalizes,y_leads,-0.00214904,-0.012,-0.0160059,-0.00799408,0,0,0
C_prime_vs_C,S2,svb_like,0.2,neutral,y_leads,-0.00214904,-0.012,-0.0160059,-0.00799408,0,0,0
C_prime_vs_C,S2,svb_like,0.2,encourages,y_leads,-0.00214904,-0.012,-0.0160059,-0.00799408,0,0,0
C_prime_vs_C,S2,svb_like,0.2,strongly_encourages,y_leads,-0.00214904,-0.012,-0.0160059,-0.00799408,0,0,0
C_prime_vs_C,S2,svb_like,0.35,strongly_penalizes,y_leads,-0.00214904,-0.012,-0.0160059,-0.00799408,0,0,0
C_prime_vs_C,S2,svb_like,0.35,penalizes,y_leads,-0.00214904,-0.012,-0.0160059,-0.00799408,0,0,0
C_prime_vs_C,S2,svb_like,0.35,neutral,y_leads,-0.00214904,-0.012,-0.0160059,-0.00799408,0,0,0
C_prime_vs_C,S2,svb_like,0.35,encourages,y_leads,-0.00214904,-0.012,-0.0160059,-0.00799408,0,0,0
C_prime_vs_C,S2,svb_like,0.35,strongly_encourages,y_leads,-0.00214904,-0.012,-0.0160059,-0.00799408,0,0,0
C_prime_vs_C,S2,svb_like,0.5,strongly_penalizes,y_leads,-0.00214904,-0.0125,-0.0165875,-0.00841251,0,0,0
C_prime_vs_C,S2,svb_like,0.5,penalizes,y_leads,-0.00214904,-0.0125,-0.0165875,-0.00841251,0,0,0
C_prime_vs_C,S2,svb_like,0.5,neutral,y_leads,-0.00214904,-0.0125,-0.0165875,-0.00841251,0,0,0
C_prime_vs_C,S2,svb_like,0.5,encourages,y_leads,-0.00214904,-0.0125,-0.0165875,-0.00841251,0,0,0
C_prime_vs_C,S2,svb_like,0.5,strongly_encourages,y_leads,-0.00214904,-0.0125,-0.0165875,-0.00841251,0,0,0
C_prime_vs_C,S2,svb_like,0.7,strongly_penalizes,y_leads,-0.00214904,-0.012,-0.0160059,-0.00799408,0,0,0
C_prime_vs_C,S2,svb_like,0.7,penalizes,y_leads,-0.00214904,-0.012,-0.0160059,-0.00799408,0,0,0
C_prime_vs_C,S2,svb_like,0.7,neutral,y_leads,-0.00214904,-0.012,-0.0160059,-0.00799408,0,0,0
C_prime_vs_C,S2,svb_like,0.7,encourages,y_leads,-0.00214904,-0.012,-0.0160059,-0.00799408,0,0,0
C_prime_vs_C,S2,svb_like,0.7,strongly_encourages,y_leads,-0.00214904,-0.012,-0.0160059,-0.00799408,0,0,0
C_prime_vs_C,S2,svb_like,0.9,strongly_penalizes,y_leads,-0.00214904,-0.0115,-0.0154226,-0.00757743,0,0,0
C_prime_vs_C,S2,svb_like,0.9,penalizes,y_leads,-0.00214904,-0.0115,-0.0154226,-0.00757743,0,0,0
C_prime_vs_C,S2,svb_like,0.9,neutral,y_leads,-0.00214904,-0.0115,-0.0154226,-0.00757743,0,0,0
C_prime_vs_C,S2,svb_like,0.9,encourages,y_leads,-0.00214904,-0.0115,-0.0154226,-0.00757743,0,0,0
C_prime_vs_C,S2,svb_like,0.9,strongly_encourages,y_leads,-0.00214904,-0.0115,-0.0154226,-0.00757743,0,0,0
C_prime_vs_C,S2,diversified_regional,0.0,strongly_penalizes,tie,0,0,0,0,0,0,0
C_prime_vs_C,S2,diversified_regional,0.0,penalizes,tie,0,0,0,0,0,0,0
C_prime_vs_C,S2,diversified_regional,0.0,neutral,tie,0,0,0,0,0,0,0
C_prime_vs_C,S2,diversified_regional,0.0,encourages,tie,0,0,0,0,0,0,0
C_prime_vs_C,S2,diversified_regional,0.0,strongly_encourages,tie,0,0,0,0,0,0,0
C_prime_vs_C,S2,diversified_regional,0.1,strongly_penalizes,tie,0,0,0,0,0,0,0
C_prime_vs_C,S2,diversified_regional,0.1,penalizes,tie,0,0,0,0,0,0,0
C_prime_vs_C,S2,diversified_regional,0.1,neutral,tie,0,0,0,0,0,0,0
C_prime_vs_C,S2,diversified_regional,0.1,encourages,tie,0,0,0,0,0,0,0
C_prime_vs_C,S2,diversified_regional,0.1,strongly_encourages,tie,0,0,0,0,0,0,0
C_prime_vs_C,S2,diversified_regional,0.2,strongly_penalizes,tie,0,0,0,0,0,0,0
C_prime_vs_C,S2,diversified_regional,0.2,penalizes,tie,0,0,0,0,0,0,0
C_prime_vs_C,S2,diversified_regional,0.2,neutral,tie,0,0,0,0,0,0,0
C_prime_vs_C,S2,diversified_regional,0.2,encourages,tie,0,0,0,0,0,0,0
C_prime_vs_C,S2,diversified_regional,0.2,strongly_encourages,tie,0,0,0,0,0,0,0
C_prime_vs_C,S2,diversified_regional,0.35,strongly_penalizes,tie,0,0,0,0,0,0,0
C_prime_vs_C,S2,diversified_regional,0.35,penalizes,tie,0,0,0,0,0,0,0
C_prime_vs_C,S2,diversified_regional,0.35,neutral,tie,0,0,0,0,0,0,0
C_prime_vs_C,S2,diversified_regional,0.35,encourages,tie,0,0,0,0,0,0,0
C_prime_vs_C,S2,diversified_regional,0.35,strongly_encourages,tie,0,0,0,0,0,0,0
C_prime_vs_C,S2,diversified_regional,0.5,strongly_penalizes,tie,0,-0.0005,-0.00132245,0.00032245,0,0,0
C_prime_vs_C,S2,diversified_regional,0.5,penalizes,tie,0,-0.0005,-0.00132245,0.00032245,0,0,0
C_prime_vs_C,S2,diversified_regional,0.5,neutral,tie,0,-0.0005,-0.00132245,0.00032245,0,0,0
C_prime_vs_C,S2,diversified_regional,0.5,encourages,tie,0,-0.0005,-0.00132245,0.00032245,0,0,0
C_prime_vs_C,S2,diversified_regional,0.5,strongly_encourages,tie,0,-0.0005,-0.00132245,0.00032245,0,0,0
C_prime_vs_C,S2,diversified_regional,0.7,strongly_penalizes,tie,0,-0.0005,-0.00132245,0.00032245,0,0,0
C_prime_vs_C,S2,diversified_regional,0.7,penalizes,tie,0,-0.0005,-0.00132245,0.00032245,0,0,0
C_prime_vs_C,S2,diversified_regional,0.7,neutral,tie,0,-0.001,-0.00216283,0.000162829,0,0,0
C_prime_vs_C,S2,diversified_regional,0.7,encourages,tie,0,-0.001,-0.00216283,0.000162829,0,0,0
C_prime_vs_C,S2,diversified_regional,0.7,strongly_encourages,tie,0,-0.001,-0.00216283,0.000162829,0,0,0
C_prime_vs_C,S2,diversified_regional,0.9,strongly_penalizes,tie,0,0,0,0,0,0,0
C_prime_vs_C,S2,diversified_regional,0.9,penalizes,tie,0,0,0,0,0,0,0
C_prime_vs_C,S2,diversified_regional,0.9,neutral,tie,0,-0.0005,-0.00132245,0.00032245,0,0,0
C_prime_vs_C,S2,diversified_regional,0.9,encourages,tie,0,-0.001,-0.00216283,0.000162829,0,0,0
C_prime_vs_C,S2,diversified_regional,0.9,strongly_encourages,tie,0,-0.001,-0.00216283,0.000162829,0,0,0
C_prime_vs_C,S2,regional_cat3,0.0,strongly_penalizes,y_leads,-0.00921673,-0.0295,-0.035725,-0.023275,0,0,0
C_prime_vs_C,S2,regional_cat3,0.0,penalizes,y_leads,-0.00921673,-0.0295,-0.035725,-0.023275,0,0,0
C_prime_vs_C,S2,regional_cat3,0.0,neutral,y_leads,-0.00921673,-0.0295,-0.035725,-0.023275,0,0,0
C_prime_vs_C,S2,regional_cat3,0.0,encourages,y_leads,-0.00921673,-0.0295,-0.035725,-0.023275,0,0,0
C_prime_vs_C,S2,regional_cat3,0.0,strongly_encourages,y_leads,-0.00921673,-0.0295,-0.035725,-0.023275,0,0,0
C_prime_vs_C,S2,regional_cat3,0.1,strongly_penalizes,y_leads,-0.00921673,-0.0335,-0.04012,-0.02688,0,0,0
C_prime_vs_C,S2,regional_cat3,0.1,penalizes,y_leads,-0.00921673,-0.0335,-0.04012,-0.02688,0,0,0
C_prime_vs_C,S2,regional_cat3,0.1,neutral,y_leads,-0.00921673,-0.0335,-0.04012,-0.02688,0,0,0
C_prime_vs_C,S2,regional_cat3,0.1,encourages,y_leads,-0.00921673,-0.0335,-0.04012,-0.02688,0,0,0
C_prime_vs_C,S2,regional_cat3,0.1,strongly_encourages,y_leads,-0.00921673,-0.0335,-0.04012,-0.02688,0,0,0
C_prime_vs_C,S2,regional_cat3,0.2,strongly_penalizes,y_leads,-0.00921673,-0.0345,-0.0412146,-0.0277854,0,0,0
C_prime_vs_C,S2,regional_cat3,0.2,penalizes,y_leads,-0.00921673,-0.0345,-0.0412146,-0.0277854,0,0,0
C_prime_vs_C,S2,regional_cat3,0.2,neutral,y_leads,-0.00921673,-0.035,-0.0417613,-0.0282387,0,0,0
C_prime_vs_C,S2,regional_cat3,0.2,encourages,y_leads,-0.00921673,-0.035,-0.0417613,-0.0282387,0,0,0
C_prime_vs_C,S2,regional_cat3,0.2,strongly_encourages,y_leads,-0.00921673,-0.035,-0.0417613,-0.0282387,0,0,0
C_prime_vs_C,S2,regional_cat3,0.35,strongly_penalizes,y_leads,-0.00921673,-0.038,-0.0450342,-0.0309658,0,0,0
C_prime_vs_C,S2,regional_cat3,0.35,penalizes,y_leads,-0.00921673,-0.039,-0.0461224,-0.0318776,0,0,0
C_prime_vs_C,S2,regional_cat3,0.35,neutral,y_leads,-0.00921673,-0.0405,-0.0477524,-0.0332476,0,0,0
C_prime_vs_C,S2,regional_cat3,0.35,encourages,y_leads,-0.00921673,-0.0405,-0.0477524,-0.0332476,0,0,0
C_prime_vs_C,S2,regional_cat3,0.35,strongly_encourages,y_leads,-0.00921673,-0.0405,-0.0477524,-0.0332476,0,0,0
C_prime_vs_C,S2,regional_cat3,0.5,strongly_penalizes,y_leads,-0.00921673,-0.0415,-0.0488376,-0.0341624,0,0,0
C_prime_vs_C,S2,regional_cat3,0.5,penalizes,y_leads,-0.00921673,-0.043,-0.0504632,-0.0355368,0,0,0
C_prime_vs_C,S2,regional_cat3,0.5,neutral,y_leads,-0.00921673,-0.046,-0.053707,-0.038293,0,0,0
C_prime_vs_C,S2,regional_cat3,0.5,encourages,y_leads,-0.00921673,-0.046,-0.053707,-0.038293,0,0,0
C_prime_vs_C,S2,regional_cat3,0.5,strongly_encourages,y_leads,-0.00921673,-0.046,-0.053707,-0.038293,0,0,0
C_prime_vs_C,S2,regional_cat3,0.7,strongly_penalizes,y_leads,-0.00921673,-0.0425,-0.0499216,-0.0350784,0,0,0
C_prime_vs_C,S2,regional_cat3,0.7,penalizes,y_leads,-0.00921673,-0.045,-0.0526268,-0.0373732,0,0,0
C_prime_vs_C,S2,regional_cat3,0.7,neutral,y_leads,-0.00921673,-0.0465,-0.0542468,-0.0387532,0,0,0
C_prime_vs_C,S2,regional_cat3,0.7,encourages,y_leads,-0.00921673,-0.047,-0.0547863,-0.0392137,0,0,0
C_prime_vs_C,S2,regional_cat3,0.7,strongly_encourages,y_leads,-0.00921673,-0.048,-0.0558645,-0.0401355,0,0,0
C_prime_vs_C,S2,regional_cat3,0.9,strongly_penalizes,y_leads,-0.00921673,-0.044,-0.0515455,-0.0364545,0,0,0
C_prime_vs_C,S2,regional_cat3,0.9,penalizes,y_leads,-0.00921673,-0.048,-0.0558645,-0.0401355,0,0,0
C_prime_vs_C,S2,regional_cat3,0.9,neutral,y_leads,-0.00921673,-0.0505,-0.0585561,-0.0424439,0,0,0
C_prime_vs_C,S2,regional_cat3,0.9,encourages,y_leads,-0.00921673,-0.0515,-0.0596312,-0.0433688,0,0,0
C_prime_vs_C,S2,regional_cat3,0.9,strongly_encourages,y_leads,-0.00921673,-0.0515,-0.0596312,-0.0433688,0,0,0
C_prime_vs_C,S2,gsib,0.0,strongly_penalizes,y_leads,-0.0359448,-0.002,-0.00364367,-0.000356335,0,0,0
C_prime_vs_C,S2,gsib,0.0,penalizes,y_leads,-0.0359448,-0.002,-0.00364367,-0.000356335,0,0,0
C_prime_vs_C,S2,gsib,0.0,neutral,y_leads,-0.0359448,-0.002,-0.00364367,-0.000356335,0,0,0
C_prime_vs_C,S2,gsib,0.0,encourages,y_leads,-0.0359448,-0.002,-0.00364367,-0.000356335,0,0,0
C_prime_vs_C,S2,gsib,0.0,strongly_encourages,y_leads,-0.0359448,-0.002,-0.00364367,-0.000356335,0,0,0
C_prime_vs_C,S2,gsib,0.1,strongly_penalizes,y_leads,-0.0359448,-0.0025,-0.00433721,-0.000662787,0,0,0
C_prime_vs_C,S2,gsib,0.1,penalizes,y_leads,-0.0359448,-0.002,-0.00364367,-0.000356335,0,0,0
C_prime_vs_C,S2,gsib,0.1,neutral,y_leads,-0.0359448,-0.002,-0.00364367,-0.000356335,0,0,0
C_prime_vs_C,S2,gsib,0.1,encourages,y_leads,-0.0359448,-0.002,-0.00364367,-0.000356335,0,0,0
C_prime_vs_C,S2,gsib,0.1,strongly_encourages,y_leads,-0.0359448,-0.002,-0.00364367,-0.000356335,0,0,0
C_prime_vs_C,S2,gsib,0.2,strongly_penalizes,y_leads,-0.0359448,-0.0025,-0.00433721,-0.000662787,0,0,0
C_prime_vs_C,S2,gsib,0.2,penalizes,y_leads,-0.0359448,-0.002,-0.00364367,-0.000356335,0,0,0
C_prime_vs_C,S2,gsib,0.2,neutral,y_leads,-0.0359448,-0.002,-0.00364367,-0.000356335,0,0,0
C_prime_vs_C,S2,gsib,0.2,encourages,y_leads,-0.0359448,-0.002,-0.00364367,-0.000356335,0,0,0
C_prime_vs_C,S2,gsib,0.2,strongly_encourages,y_leads,-0.0359448,-0.002,-0.00364367,-0.000356335,0,0,0
C_prime_vs_C,S2,gsib,0.35,strongly_penalizes,y_leads,-0.0359448,-0.0025,-0.00433721,-0.000662787,0,0,0
C_prime_vs_C,S2,gsib,0.35,penalizes,y_leads,-0.0359448,-0.002,-0.00364367,-0.000356335,0,0,0
C_prime_vs_C,S2,gsib,0.35,neutral,y_leads,-0.0359448,-0.002,-0.00364367,-0.000356335,0,0,0
C_prime_vs_C,S2,gsib,0.35,encourages,y_leads,-0.0359448,-0.002,-0.00364367,-0.000356335,0,0,0
C_prime_vs_C,S2,gsib,0.35,strongly_encourages,y_leads,-0.0359448,-0.002,-0.00364367,-0.000356335,0,0,0
C_prime_vs_C,S2,gsib,0.5,strongly_penalizes,y_leads,-0.0359448,-0.0025,-0.00433721,-0.000662787,0,0,0
C_prime_vs_C,S2,gsib,0.5,penalizes,y_leads,-0.0359448,-0.002,-0.00364367,-0.000356335,0,0,0
C_prime_vs_C,S2,gsib,0.5,neutral,y_leads,-0.0359448,-0.002,-0.00364367,-0.000356335,0,0,0
C_prime_vs_C,S2,gsib,0.5,encourages,y_leads,-0.0359448,-0.002,-0.00364367,-0.000356335,0,0,0
C_prime_vs_C,S2,gsib,0.5,strongly_encourages,y_leads,-0.0359448,-0.002,-0.00364367,-0.000356335,0,0,0
C_prime_vs_C,S2,gsib,0.7,strongly_penalizes,y_leads,-0.0359448,-0.0025,-0.00433721,-0.000662787,0,0,0
C_prime_vs_C,S2,gsib,0.7,penalizes,y_leads,-0.0359448,-0.002,-0.00364367,-0.000356335,0,0,0
C_prime_vs_C,S2,gsib,0.7,neutral,y_leads,-0.0359448,-0.002,-0.00364367,-0.000356335,0,0,0
C_prime_vs_C,S2,gsib,0.7,encourages,y_leads,-0.0359448,-0.002,-0.00364367,-0.000356335,0,0,0
C_prime_vs_C,S2,gsib,0.7,strongly_encourages,y_leads,-0.0359448,-0.002,-0.00364367,-0.000356335,0,0,0
C_prime_vs_C,S2,gsib,0.9,strongly_penalizes,y_leads,-0.0359448,-0.0025,-0.00433721,-0.000662787,0,0,0
C_prime_vs_C,S2,gsib,0.9,penalizes,y_leads,-0.0359448,-0.0035,-0.00567273,-0.00132727,0,0,0
C_prime_vs_C,S2,gsib,0.9,neutral,y_leads,-0.0359448,-0.003,-0.00501206,-0.000987938,0,0,0
C_prime_vs_C,S2,gsib,0.9,encourages,y_leads,-0.0359448,-0.003,-0.00501206,-0.000987938,0,0,0
C_prime_vs_C,S2,gsib,0.9,strongly_encourages,y_leads,-0.0359448,-0.003,-0.00501206,-0.000987938,0,0,0
B_prime_vs_B,S1,svb_like,0.0,strongly_penalizes,x_leads,385.518,0.1795,0.162589,0.196411,0,0,0
B_prime_vs_B,S1,svb_like,0.0,penalizes,x_leads,385.518,0.1795,0.162589,0.196411,0,0,0
B_prime_vs_B,S1,svb_like,0.0,neutral,x_leads,385.518,0.1795,0.162589,0.196411,0,0,0
B_prime_vs_B,S1,svb_like,0.0,encourages,x_leads,385.518,0.1795,0.162589,0.196411,0,0,0
B_prime_vs_B,S1,svb_like,0.0,strongly_encourages,x_leads,385.518,0.1795,0.162589,0.196411,0,0,0
B_prime_vs_B,S1,svb_like,0.1,strongly_penalizes,x_leads,385.518,0.197,0.179658,0.214342,0,0,0
B_prime_vs_B,S1,svb_like,0.1,penalizes,x_leads,385.518,0.197,0.179658,0.214342,0,0,0
B_prime_vs_B,S1,svb_like,0.1,neutral,x_leads,385.518,0.197,0.179658,0.214342,0,0,0
B_prime_vs_B,S1,svb_like,0.1,encourages,x_leads,385.518,0.197,0.179658,0.214342,0,0,0
B_prime_vs_B,S1,svb_like,0.1,strongly_encourages,x_leads,385.518,0.197,0.179658,0.214342,0,0,0
B_prime_vs_B,S1,svb_like,0.2,strongly_penalizes,x_leads,385.518,0.209,0.191382,0.226618,0,0,0
B_prime_vs_B,S1,svb_like,0.2,penalizes,x_leads,385.518,0.209,0.191382,0.226618,0,0,0
B_prime_vs_B,S1,svb_like,0.2,neutral,x_leads,385.518,0.209,0.191382,0.226618,0,0,0
B_prime_vs_B,S1,svb_like,0.2,encourages,x_leads,385.518,0.209,0.191382,0.226618,0,0,0
B_prime_vs_B,S1,svb_like,0.2,strongly_encourages,x_leads,385.518,0.209,0.191382,0.226618,0,0,0
B_prime_vs_B,S1,svb_like,0.35,strongly_penalizes,x_leads,385.518,0.2315,0.213405,0.249595,0,0,0
B_prime_vs_B,S1,svb_like,0.35,penalizes,x_leads,385.518,0.2315,0.213405,0.249595,0,0,0
B_prime_vs_B,S1,svb_like,0.35,neutral,x_leads,385.518,0.2315,0.213405,0.249595,0,0,0
B_prime_vs_B,S1,svb_like,0.35,encourages,x_leads,385.518,0.2315,0.213405,0.249595,0,0,0
B_prime_vs_B,S1,svb_like,0.35,strongly_encourages,x_leads,385.518,0.2315,0.213405,0.249595,0,0,0
B_prime_vs_B,S1,svb_like,0.5,strongly_penalizes,x_leads,385.518,0.2545,0.235932,0.273068,0,0,0
B_prime_vs_B,S1,svb_like,0.5,penalizes,x_leads,385.518,0.255,0.236459,0.273541,0,0,0
B_prime_vs_B,S1,svb_like,0.5,neutral,x_leads,385.518,0.255,0.236459,0.273541,0,0,0
B_prime_vs_B,S1,svb_like,0.5,encourages,x_leads,385.518,0.255,0.236459,0.273541,0,0,0
B_prime_vs_B,S1,svb_like,0.5,strongly_encourages,x_leads,385.518,0.255,0.236459,0.273541,0,0,0
B_prime_vs_B,S1,svb_like,0.7,strongly_penalizes,x_leads,385.518,0.2845,0.265434,0.303566,0,0,0
B_prime_vs_B,S1,svb_like,0.7,penalizes,x_leads,385.518,0.285,0.265962,0.304038,0,0,0
B_prime_vs_B,S1,svb_like,0.7,neutral,x_leads,385.518,0.285,0.265962,0.304038,0,0,0
B_prime_vs_B,S1,svb_like,0.7,encourages,x_leads,385.518,0.285,0.265962,0.304038,0,0,0
B_prime_vs_B,S1,svb_like,0.7,strongly_encourages,x_leads,385.518,0.285,0.265962,0.304038,0,0,0
B_prime_vs_B,S1,svb_like,0.9,strongly_penalizes,x_leads,385.518,0.319,0.299317,0.338683,0,0,0
B_prime_vs_B,S1,svb_like,0.9,penalizes,x_leads,385.518,0.3215,0.301958,0.341042,0,0,0
B_prime_vs_B,S1,svb_like,0.9,neutral,x_leads,385.518,0.3215,0.301958,0.341042,0,0,0
B_prime_vs_B,S1,svb_like,0.9,encourages,x_leads,385.518,0.3215,0.301958,0.341042,0,0,0
B_prime_vs_B,S1,svb_like,0.9,strongly_encourages,x_leads,385.518,0.3215,0.301958,0.341042,0,0,0
B_prime_vs_B,S1,diversified_regional,0.0,strongly_penalizes,tie,12.3597,0,0,0,0,0,0
B_prime_vs_B,S1,diversified_regional,0.0,penalizes,tie,12.3597,0,0,0,0,0,0
B_prime_vs_B,S1,diversified_regional,0.0,neutral,tie,12.3597,0,0,0,0,0,0
B_prime_vs_B,S1,diversified_regional,0.0,encourages,tie,12.3597,0,0,0,0,0,0
B_prime_vs_B,S1,diversified_regional,0.0,strongly_encourages,tie,12.3597,0,0,0,0,0,0
B_prime_vs_B,S1,diversified_regional,0.1,strongly_penalizes,tie,12.3597,0,0,0,0,0,0
B_prime_vs_B,S1,diversified_regional,0.1,penalizes,tie,12.3597,0,0,0,0,0,0
B_prime_vs_B,S1,diversified_regional,0.1,neutral,tie,12.3597,0,0,0,0,0,0
B_prime_vs_B,S1,diversified_regional,0.1,encourages,tie,12.3597,0,0,0,0,0,0
B_prime_vs_B,S1,diversified_regional,0.1,strongly_encourages,tie,12.3597,0,0,0,0,0,0
B_prime_vs_B,S1,diversified_regional,0.2,strongly_penalizes,tie,12.3597,0,0,0,0,0,0
B_prime_vs_B,S1,diversified_regional,0.2,penalizes,tie,12.3597,0,0,0,0,0,0
B_prime_vs_B,S1,diversified_regional,0.2,neutral,tie,12.3597,0,0,0,0,0,0
B_prime_vs_B,S1,diversified_regional,0.2,encourages,tie,12.3597,0,0,0,0,0,0
B_prime_vs_B,S1,diversified_regional,0.2,strongly_encourages,tie,12.3597,0,0,0,0,0,0
B_prime_vs_B,S1,diversified_regional,0.35,strongly_penalizes,tie,12.3597,0,0,0,0,0,0
B_prime_vs_B,S1,diversified_regional,0.35,penalizes,tie,12.3597,0,0,0,0,0,0
B_prime_vs_B,S1,diversified_regional,0.35,neutral,tie,12.3597,0,0,0,0,0,0
B_prime_vs_B,S1,diversified_regional,0.35,encourages,tie,12.3597,0,0,0,0,0,0
B_prime_vs_B,S1,diversified_regional,0.35,strongly_encourages,tie,12.3597,0,0,0,0,0,0
B_prime_vs_B,S1,diversified_regional,0.5,strongly_penalizes,tie,12.3597,0,0,0,0,0,0
B_prime_vs_B,S1,diversified_regional,0.5,penalizes,tie,12.3597,0,0,0,0,0,0
B_prime_vs_B,S1,diversified_regional,0.5,neutral,tie,12.3597,0,0,0,0,0,0
B_prime_vs_B,S1,diversified_regional,0.5,encourages,tie,12.3597,0,0,0,0,0,0
B_prime_vs_B,S1,diversified_regional,0.5,strongly_encourages,tie,12.3597,0,0,0,0,0,0
B_prime_vs_B,S1,diversified_regional,0.7,strongly_penalizes,tie,12.3597,0,0,0,0,0,0
B_prime_vs_B,S1,diversified_regional,0.7,penalizes,tie,12.3597,0,0,0,0,0,0
B_prime_vs_B,S1,diversified_regional,0.7,neutral,tie,12.3597,0,0,0,0,0,0
B_prime_vs_B,S1,diversified_regional,0.7,encourages,tie,12.3597,0,0,0,0,0,0
B_prime_vs_B,S1,diversified_regional,0.7,strongly_encourages,tie,12.3597,0,0,0,0,0,0
B_prime_vs_B,S1,diversified_regional,0.9,strongly_penalizes,tie,12.3597,0,0,0,0,0,0
B_prime_vs_B,S1,diversified_regional,0.9,penalizes,tie,12.3597,0,0,0,0,0,0
B_prime_vs_B,S1,diversified_regional,0.9,neutral,tie,12.3597,0,0,0,0,0,0
B_prime_vs_B,S1,diversified_regional,0.9,encourages,tie,12.3597,0,0,0,0,0,0
B_prime_vs_B,S1,diversified_regional,0.9,strongly_encourages,tie,12.3597,0,0,0,0,0,0
B_prime_vs_B,S1,regional_cat3,0.0,strongly_penalizes,tie,46.8022,0,0,0,0,0,0
B_prime_vs_B,S1,regional_cat3,0.0,penalizes,tie,46.8022,0,0,0,0,0,0
B_prime_vs_B,S1,regional_cat3,0.0,neutral,tie,46.8022,0,0,0,0,0,0
B_prime_vs_B,S1,regional_cat3,0.0,encourages,tie,46.8022,0,0,0,0,0,0
B_prime_vs_B,S1,regional_cat3,0.0,strongly_encourages,tie,46.8022,0,0,0,0,0,0
B_prime_vs_B,S1,regional_cat3,0.1,strongly_penalizes,tie,46.8022,0,0,0,0,0,0
B_prime_vs_B,S1,regional_cat3,0.1,penalizes,tie,46.8022,0,0,0,0,0,0
B_prime_vs_B,S1,regional_cat3,0.1,neutral,tie,46.8022,0,0,0,0,0,0
B_prime_vs_B,S1,regional_cat3,0.1,encourages,tie,46.8022,0,0,0,0,0,0
B_prime_vs_B,S1,regional_cat3,0.1,strongly_encourages,tie,46.8022,0,0,0,0,0,0
B_prime_vs_B,S1,regional_cat3,0.2,strongly_penalizes,tie,46.8022,0,0,0,0,0,0
B_prime_vs_B,S1,regional_cat3,0.2,penalizes,tie,46.8022,0,0,0,0,0,0
B_prime_vs_B,S1,regional_cat3,0.2,neutral,tie,46.8022,0,0,0,0,0,0
B_prime_vs_B,S1,regional_cat3,0.2,encourages,tie,46.8022,0,0,0,0,0,0
B_prime_vs_B,S1,regional_cat3,0.2,strongly_encourages,tie,46.8022,0,0,0,0,0,0
B_prime_vs_B,S1,regional_cat3,0.35,strongly_penalizes,tie,46.8022,0,0,0,0,0,0
B_prime_vs_B,S1,regional_cat3,0.35,penalizes,tie,46.8022,0,0,0,0,0,0
B_prime_vs_B,S1,regional_cat3,0.35,neutral,tie,46.8022,0,0,0,0,0,0
B_prime_vs_B,S1,regional_cat3,0.35,encourages,tie,46.8022,0,0,0,0,0,0
B_prime_vs_B,S1,regional_cat3,0.35,strongly_encourages,tie,46.8022,0,0,0,0,0,0
B_prime_vs_B,S1,regional_cat3,0.5,strongly_penalizes,tie,46.8022,0,0,0,0,0,0
B_prime_vs_B,S1,regional_cat3,0.5,penalizes,tie,46.8022,0,0,0,0,0,0
B_prime_vs_B,S1,regional_cat3,0.5,neutral,tie,46.8022,0,0,0,0,0,0
B_prime_vs_B,S1,regional_cat3,0.5,encourages,tie,46.8022,0,0,0,0,0,0
B_prime_vs_B,S1,regional_cat3,0.5,strongly_encourages,tie,46.8022,0,0,0,0,0,0
B_prime_vs_B,S1,regional_cat3,0.7,strongly_penalizes,tie,46.8022,0,0,0,0,0,0
B_prime_vs_B,S1,regional_cat3,0.7,penalizes,tie,46.8022,0,0,0,0,0,0
B_prime_vs_B,S1,regional_cat3,0.7,neutral,tie,46.8022,0,0,0,0,0,0
B_prime_vs_B,S1,regional_cat3,0.7,encourages,tie,46.8022,0,0,0,0,0,0
B_prime_vs_B,S1,regional_cat3,0.7,strongly_encourages,tie,46.8022,0,0,0,0,0,0
B_prime_vs_B,S1,regional_cat3,0.9,strongly_penalizes,tie,46.8022,0,0,0,0,0,0
B_prime_vs_B,S1,regional_cat3,0.9,penalizes,tie,46.8022,0,0,0,0,0,0
B_prime_vs_B,S1,regional_cat3,0.9,neutral,tie,46.8022,0,0,0,0,0,0
B_prime_vs_B,S1,regional_cat3,0.9,encourages,tie,46.8022,0,0,0,0,0,0
B_prime_vs_B,S1,regional_cat3,0.9,strongly_encourages,tie,46.8022,0,0,0,0,0,0
B_prime_vs_B,S1,gsib,0.0,strongly_penalizes,tie,160.737,0,0,0,0,0,0
B_prime_vs_B,S1,gsib,0.0,penalizes,tie,160.737,0,0,0,0,0,0
B_prime_vs_B,S1,gsib,0.0,neutral,tie,160.737,0,0,0,0,0,0
B_prime_vs_B,S1,gsib,0.0,encourages,tie,160.737,0,0,0,0,0,0
B_prime_vs_B,S1,gsib,0.0,strongly_encourages,tie,160.737,0,0,0,0,0,0
B_prime_vs_B,S1,gsib,0.1,strongly_penalizes,tie,160.737,0,0,0,0,0,0
B_prime_vs_B,S1,gsib,0.1,penalizes,tie,160.737,0,0,0,0,0,0
B_prime_vs_B,S1,gsib,0.1,neutral,tie,160.737,0,0,0,0,0,0
B_prime_vs_B,S1,gsib,0.1,encourages,tie,160.737,0,0,0,0,0,0
B_prime_vs_B,S1,gsib,0.1,strongly_encourages,tie,160.737,0,0,0,0,0,0
B_prime_vs_B,S1,gsib,0.2,strongly_penalizes,tie,160.737,0,0,0,0,0,0
B_prime_vs_B,S1,gsib,0.2,penalizes,tie,160.737,0,0,0,0,0,0
B_prime_vs_B,S1,gsib,0.2,neutral,tie,160.737,0,0,0,0,0,0
B_prime_vs_B,S1,gsib,0.2,encourages,tie,160.737,0,0,0,0,0,0
B_prime_vs_B,S1,gsib,0.2,strongly_encourages,tie,160.737,0,0,0,0,0,0
B_prime_vs_B,S1,gsib,0.35,strongly_penalizes,tie,160.737,0,0,0,0,0,0
B_prime_vs_B,S1,gsib,0.35,penalizes,tie,160.737,0,0,0,0,0,0
B_prime_vs_B,S1,gsib,0.35,neutral,tie,160.737,0,0,0,0,0,0
B_prime_vs_B,S1,gsib,0.35,encourages,tie,160.737,0,0,0,0,0,0
B_prime_vs_B,S1,gsib,0.35,strongly_encourages,tie,160.737,0,0,0,0,0,0
B_prime_vs_B,S1,gsib,0.5,strongly_penalizes,tie,160.737,0,0,0,0,0,0
B_prime_vs_B,S1,gsib,0.5,penalizes,tie,160.737,0,0,0,0,0,0
B_prime_vs_B,S1,gsib,0.5,neutral,tie,160.737,0,0,0,0,0,0
B_prime_vs_B,S1,gsib,0.5,encourages,tie,160.737,0,0,0,0,0,0
B_prime_vs_B,S1,gsib,0.5,strongly_encourages,tie,160.737,0,0,0,0,0,0
B_prime_vs_B,S1,gsib,0.7,strongly_penalizes,tie,160.737,0,0,0,0,0,0
B_prime_vs_B,S1,gsib,0.7,penalizes,tie,160.737,0,0,0,0,0,0
B_prime_vs_B,S1,gsib,0.7,neutral,tie,160.737,0,0,0,0,0,0
B_prime_vs_B,S1,gsib,0.7,encourages,tie,160.737,0,0,0,0,0,0
B_prime_vs_B,S1,gsib,0.7,strongly_encourages,tie,160.737,0,0,0,0,0,0
B_prime_vs_B,S1,gsib,0.9,strongly_penalizes,tie,160.737,0,0,0,0,0,0
B_prime_vs_B,S1,gsib,0.9,penalizes,tie,160.737,0,0,0,0,0,0
B_prime_vs_B,S1,gsib,0.9,neutral,tie,160.737,0,0,0,0,0,0
B_prime_vs_B,S1,gsib,0.9,encourages,tie,160.737,0,0,0,0,0,0
B_prime_vs_B,S1,gsib,0.9,strongly_encourages,tie,160.737,0,0,0,0,0,0
B_prime_vs_B,S2,svb_like,0.0,strongly_penalizes,x_leads,385.518,0.066,0.0503201,0.0816799,0,0,0
B_prime_vs_B,S2,svb_like,0.0,penalizes,x_leads,385.518,0.066,0.0503201,0.0816799,0,0,0
B_prime_vs_B,S2,svb_like,0.0,neutral,x_leads,385.518,0.066,0.0503201,0.0816799,0,0,0
B_prime_vs_B,S2,svb_like,0.0,encourages,x_leads,385.518,0.066,0.0503201,0.0816799,0,0,0
B_prime_vs_B,S2,svb_like,0.0,strongly_encourages,x_leads,385.518,0.066,0.0503201,0.0816799,0,0,0
B_prime_vs_B,S2,svb_like,0.1,strongly_penalizes,x_leads,385.518,0.074,0.0580259,0.0899741,0,0,0
B_prime_vs_B,S2,svb_like,0.1,penalizes,x_leads,385.518,0.0735,0.0575016,0.0894984,0,0,0
B_prime_vs_B,S2,svb_like,0.1,neutral,x_leads,385.518,0.0735,0.0575016,0.0894984,0,0,0
B_prime_vs_B,S2,svb_like,0.1,encourages,x_leads,385.518,0.0735,0.0575016,0.0894984,0,0,0
B_prime_vs_B,S2,svb_like,0.1,strongly_encourages,x_leads,385.518,0.0735,0.0575016,0.0894984,0,0,0
B_prime_vs_B,S2,svb_like,0.2,strongly_penalizes,x_leads,385.518,0.0885,0.0720194,0.104981,0,0,0
B_prime_vs_B,S2,svb_like,0.2,penalizes,x_leads,385.518,0.088,0.0714953,0.104505,0,0,0
B_prime_vs_B,S2,svb_like,0.2,neutral,x_leads,385.518,0.088,0.0714953,0.104505,0,0,0
B_prime_vs_B,S2,svb_like,0.2,encourages,x_leads,385.518,0.088,0.0714953,0.104505,0,0,0
B_prime_vs_B,S2,svb_like,0.2,strongly_encourages,x_leads,385.518,0.088,0.0714953,0.104505,0,0,0
B_prime_vs_B,S2,svb_like,0.35,strongly_penalizes,x_leads,385.518,0.1095,0.0923418,0.126658,0,0,0
B_prime_vs_B,S2,svb_like,0.35,penalizes,x_leads,385.518,0.1085,0.0913332,0.125667,0,0,0
B_prime_vs_B,S2,svb_like,0.35,neutral,x_leads,385.518,0.1085,0.0913332,0.125667,0,0,0
B_prime_vs_B,S2,svb_like,0.35,encourages,x_leads,385.518,0.1085,0.0913332,0.125667,0,0,0
B_prime_vs_B,S2,svb_like,0.35,strongly_encourages,x_leads,385.518,0.1085,0.0913332,0.125667,0,0,0
B_prime_vs_B,S2,svb_like,0.5,strongly_penalizes,x_leads,385.518,0.123,0.105361,0.140639,0,0,0
B_prime_vs_B,S2,svb_like,0.5,penalizes,x_leads,385.518,0.1215,0.103828,0.139172,0,0,0
B_prime_vs_B,S2,svb_like,0.5,neutral,x_leads,385.518,0.1215,0.103828,0.139172,0,0,0
B_prime_vs_B,S2,svb_like,0.5,encourages,x_leads,385.518,0.1215,0.103828,0.139172,0,0,0
B_prime_vs_B,S2,svb_like,0.5,strongly_encourages,x_leads,385.518,0.1215,0.103828,0.139172,0,0,0
B_prime_vs_B,S2,svb_like,0.7,strongly_penalizes,x_leads,385.518,0.138,0.119866,0.156134,0,0,0
B_prime_vs_B,S2,svb_like,0.7,penalizes,x_leads,385.518,0.136,0.117845,0.154155,0,0,0
B_prime_vs_B,S2,svb_like,0.7,neutral,x_leads,385.518,0.136,0.117845,0.154155,0,0,0
B_prime_vs_B,S2,svb_like,0.7,encourages,x_leads,385.518,0.136,0.117845,0.154155,0,0,0
B_prime_vs_B,S2,svb_like,0.7,strongly_encourages,x_leads,385.518,0.136,0.117845,0.154155,0,0,0
B_prime_vs_B,S2,svb_like,0.9,strongly_penalizes,x_leads,385.518,0.163,0.144046,0.181954,0,0,0
B_prime_vs_B,S2,svb_like,0.9,penalizes,x_leads,385.518,0.1615,0.142546,0.180454,0,0,0
B_prime_vs_B,S2,svb_like,0.9,neutral,x_leads,385.518,0.162,0.14307,0.18093,0,0,0
B_prime_vs_B,S2,svb_like,0.9,encourages,x_leads,385.518,0.162,0.14307,0.18093,0,0,0
B_prime_vs_B,S2,svb_like,0.9,strongly_encourages,x_leads,385.518,0.162,0.14307,0.18093,0,0,0
B_prime_vs_B,S2,diversified_regional,0.0,strongly_penalizes,tie,12.3597,0,0,0,0,0,0
B_prime_vs_B,S2,diversified_regional,0.0,penalizes,tie,12.3597,0,0,0,0,0,0
B_prime_vs_B,S2,diversified_regional,0.0,neutral,tie,12.3597,0,0,0,0,0,0
B_prime_vs_B,S2,diversified_regional,0.0,encourages,tie,12.3597,0,0,0,0,0,0
B_prime_vs_B,S2,diversified_regional,0.0,strongly_encourages,tie,12.3597,0,0,0,0,0,0
B_prime_vs_B,S2,diversified_regional,0.1,strongly_penalizes,tie,12.3597,0,0,0,0,0,0
B_prime_vs_B,S2,diversified_regional,0.1,penalizes,tie,12.3597,0,0,0,0,0,0
B_prime_vs_B,S2,diversified_regional,0.1,neutral,tie,12.3597,0,0,0,0,0,0
B_prime_vs_B,S2,diversified_regional,0.1,encourages,tie,12.3597,0,0,0,0,0,0
B_prime_vs_B,S2,diversified_regional,0.1,strongly_encourages,tie,12.3597,0,0,0,0,0,0
B_prime_vs_B,S2,diversified_regional,0.2,strongly_penalizes,tie,12.3597,0,0,0,0,0,0
B_prime_vs_B,S2,diversified_regional,0.2,penalizes,tie,12.3597,0,0,0,0,0,0
B_prime_vs_B,S2,diversified_regional,0.2,neutral,tie,12.3597,0,0,0,0,0,0
B_prime_vs_B,S2,diversified_regional,0.2,encourages,tie,12.3597,0,0,0,0,0,0
B_prime_vs_B,S2,diversified_regional,0.2,strongly_encourages,tie,12.3597,0,0,0,0,0,0
B_prime_vs_B,S2,diversified_regional,0.35,strongly_penalizes,tie,12.3597,0,0,0,0,0,0
B_prime_vs_B,S2,diversified_regional,0.35,penalizes,tie,12.3597,0,0,0,0,0,0
B_prime_vs_B,S2,diversified_regional,0.35,neutral,tie,12.3597,0,0,0,0,0,0
B_prime_vs_B,S2,diversified_regional,0.35,encourages,tie,12.3597,0,0,0,0,0,0
B_prime_vs_B,S2,diversified_regional,0.35,strongly_encourages,tie,12.3597,0,0,0,0,0,0
B_prime_vs_B,S2,diversified_regional,0.5,strongly_penalizes,tie,12.3597,0,0,0,0,0,0
B_prime_vs_B,S2,diversified_regional,0.5,penalizes,tie,12.3597,0,0,0,0,0,0
B_prime_vs_B,S2,diversified_regional,0.5,neutral,tie,12.3597,0,0,0,0,0,0
B_prime_vs_B,S2,diversified_regional,0.5,encourages,tie,12.3597,0,0,0,0,0,0
B_prime_vs_B,S2,diversified_regional,0.5,strongly_encourages,tie,12.3597,0,0,0,0,0,0
B_prime_vs_B,S2,diversified_regional,0.7,strongly_penalizes,tie,12.3597,0,0,0,0,0,0
B_prime_vs_B,S2,diversified_regional,0.7,penalizes,tie,12.3597,0,0,0,0,0,0
B_prime_vs_B,S2,diversified_regional,0.7,neutral,tie,12.3597,0,0,0,0,0,0
B_prime_vs_B,S2,diversified_regional,0.7,encourages,tie,12.3597,0,0,0,0,0,0
B_prime_vs_B,S2,diversified_regional,0.7,strongly_encourages,tie,12.3597,0,0,0,0,0,0
B_prime_vs_B,S2,diversified_regional,0.9,strongly_penalizes,tie,12.3597,0,0,0,0,0,0
B_prime_vs_B,S2,diversified_regional,0.9,penalizes,tie,12.3597,0,0,0,0,0,0
B_prime_vs_B,S2,diversified_regional,0.9,neutral,tie,12.3597,0,0,0,0,0,0
B_prime_vs_B,S2,diversified_regional,0.9,encourages,tie,12.3597,0,0,0,0,0,0
B_prime_vs_B,S2,diversified_regional,0.9,strongly_encourages,tie,12.3597,0,0,0,0,0,0
B_prime_vs_B,S2,regional_cat3,0.0,strongly_penalizes,tie,46.8022,0,0,0,0,0,0
B_prime_vs_B,S2,regional_cat3,0.0,penalizes,tie,46.8022,0,0,0,0,0,0
B_prime_vs_B,S2,regional_cat3,0.0,neutral,tie,46.8022,0,0,0,0,0,0
B_prime_vs_B,S2,regional_cat3,0.0,encourages,tie,46.8022,0,0,0,0,0,0
B_prime_vs_B,S2,regional_cat3,0.0,strongly_encourages,tie,46.8022,0,0,0,0,0,0
B_prime_vs_B,S2,regional_cat3,0.1,strongly_penalizes,tie,46.8022,0,0,0,0,0,0
B_prime_vs_B,S2,regional_cat3,0.1,penalizes,tie,46.8022,0,0,0,0,0,0
B_prime_vs_B,S2,regional_cat3,0.1,neutral,tie,46.8022,0,0,0,0,0,0
B_prime_vs_B,S2,regional_cat3,0.1,encourages,tie,46.8022,0,0,0,0,0,0
B_prime_vs_B,S2,regional_cat3,0.1,strongly_encourages,tie,46.8022,0,0,0,0,0,0
B_prime_vs_B,S2,regional_cat3,0.2,strongly_penalizes,tie,46.8022,0,0,0,0,0,0
B_prime_vs_B,S2,regional_cat3,0.2,penalizes,tie,46.8022,0,0,0,0,0,0
B_prime_vs_B,S2,regional_cat3,0.2,neutral,tie,46.8022,0,0,0,0,0,0
B_prime_vs_B,S2,regional_cat3,0.2,encourages,tie,46.8022,0,0,0,0,0,0
B_prime_vs_B,S2,regional_cat3,0.2,strongly_encourages,tie,46.8022,0,0,0,0,0,0
B_prime_vs_B,S2,regional_cat3,0.35,strongly_penalizes,tie,46.8022,0,0,0,0,0,0
B_prime_vs_B,S2,regional_cat3,0.35,penalizes,tie,46.8022,0,0,0,0,0,0
B_prime_vs_B,S2,regional_cat3,0.35,neutral,tie,46.8022,0,0,0,0,0,0
B_prime_vs_B,S2,regional_cat3,0.35,encourages,tie,46.8022,0,0,0,0,0,0
B_prime_vs_B,S2,regional_cat3,0.35,strongly_encourages,tie,46.8022,0,0,0,0,0,0
B_prime_vs_B,S2,regional_cat3,0.5,strongly_penalizes,tie,46.8022,0,0,0,0,0,0
B_prime_vs_B,S2,regional_cat3,0.5,penalizes,tie,46.8022,0,0,0,0,0,0
B_prime_vs_B,S2,regional_cat3,0.5,neutral,tie,46.8022,0,0,0,0,0,0
B_prime_vs_B,S2,regional_cat3,0.5,encourages,tie,46.8022,0,0,0,0,0,0
B_prime_vs_B,S2,regional_cat3,0.5,strongly_encourages,tie,46.8022,0,0,0,0,0,0
B_prime_vs_B,S2,regional_cat3,0.7,strongly_penalizes,tie,46.8022,0,0,0,0,0,0
B_prime_vs_B,S2,regional_cat3,0.7,penalizes,tie,46.8022,0,0,0,0,0,0
B_prime_vs_B,S2,regional_cat3,0.7,neutral,tie,46.8022,0,0,0,0,0,0
B_prime_vs_B,S2,regional_cat3,0.7,encourages,tie,46.8022,0,0,0,0,0,0
B_prime_vs_B,S2,regional_cat3,0.7,strongly_encourages,tie,46.8022,0,0,0,0,0,0
B_prime_vs_B,S2,regional_cat3,0.9,strongly_penalizes,tie,46.8022,0,0,0,0,0,0
B_prime_vs_B,S2,regional_cat3,0.9,penalizes,tie,46.8022,0,0,0,0,0,0
B_prime_vs_B,S2,regional_cat3,0.9,neutral,tie,46.8022,0,0,0,0,0,0
B_prime_vs_B,S2,regional_cat3,0.9,encourages,tie,46.8022,0,0,0,0,0,0
B_prime_vs_B,S2,regional_cat3,0.9,strongly_encourages,tie,46.8022,0,0,0,0,0,0
B_prime_vs_B,S2,gsib,0.0,strongly_penalizes,tie,160.737,0,0,0,0,0,0
B_prime_vs_B,S2,gsib,0.0,penalizes,tie,160.737,0,0,0,0,0,0
B_prime_vs_B,S2,gsib,0.0,neutral,tie,160.737,0,0,0,0,0,0
B_prime_vs_B,S2,gsib,0.0,encourages,tie,160.737,0,0,0,0,0,0
B_prime_vs_B,S2,gsib,0.0,strongly_encourages,tie,160.737,0,0,0,0,0,0
B_prime_vs_B,S2,gsib,0.1,strongly_penalizes,tie,160.737,0,0,0,0,0,0
B_prime_vs_B,S2,gsib,0.1,penalizes,tie,160.737,0,0,0,0,0,0
B_prime_vs_B,S2,gsib,0.1,neutral,tie,160.737,0,0,0,0,0,0
B_prime_vs_B,S2,gsib,0.1,encourages,tie,160.737,0,0,0,0,0,0
B_prime_vs_B,S2,gsib,0.1,strongly_encourages,tie,160.737,0,0,0,0,0,0
B_prime_vs_B,S2,gsib,0.2,strongly_penalizes,tie,160.737,0,0,0,0,0,0
B_prime_vs_B,S2,gsib,0.2,penalizes,tie,160.737,0,0,0,0,0,0
B_prime_vs_B,S2,gsib,0.2,neutral,tie,160.737,0,0,0,0,0,0
B_prime_vs_B,S2,gsib,0.2,encourages,tie,160.737,0,0,0,0,0,0
B_prime_vs_B,S2,gsib,0.2,strongly_encourages,tie,160.737,0,0,0,0,0,0
B_prime_vs_B,S2,gsib,0.35,strongly_penalizes,tie,160.737,0,0,0,0,0,0
B_prime_vs_B,S2,gsib,0.35,penalizes,tie,160.737,0,0,0,0,0,0
B_prime_vs_B,S2,gsib,0.35,neutral,tie,160.737,0,0,0,0,0,0
B_prime_vs_B,S2,gsib,0.35,encourages,tie,160.737,0,0,0,0,0,0
B_prime_vs_B,S2,gsib,0.35,strongly_encourages,tie,160.737,0,0,0,0,0,0
B_prime_vs_B,S2,gsib,0.5,strongly_penalizes,tie,160.737,0,0,0,0,0,0
B_prime_vs_B,S2,gsib,0.5,penalizes,tie,160.737,0,0,0,0,0,0
B_prime_vs_B,S2,gsib,0.5,neutral,tie,160.737,0,0,0,0,0,0
B_prime_vs_B,S2,gsib,0.5,encourages,tie,160.737,0,0,0,0,0,0
B_prime_vs_B,S2,gsib,0.5,strongly_encourages,tie,160.737,0,0,0,0,0,0
B_prime_vs_B,S2,gsib,0.7,strongly_penalizes,tie,160.737,0,0,0,0,0,0
B_prime_vs_B,S2,gsib,0.7,penalizes,tie,160.737,0,0,0,0,0,0
B_prime_vs_B,S2,gsib,0.7,neutral,tie,160.737,0,0,0,0,0,0
B_prime_vs_B,S2,gsib,0.7,encourages,tie,160.737,0,0,0,0,0,0
B_prime_vs_B,S2,gsib,0.7,strongly_encourages,tie,160.737,0,0,0,0,0,0
B_prime_vs_B,S2,gsib,0.9,strongly_penalizes,tie,160.737,0,0,0,0,0,0
B_prime_vs_B,S2,gsib,0.9,penalizes,tie,160.737,0,0,0,0,0,0
B_prime_vs_B,S2,gsib,0.9,neutral,tie,160.737,0,0,0,0,0,0
B_prime_vs_B,S2,gsib,0.9,encourages,tie,160.737,0,0,0,0,0,0
B_prime_vs_B,S2,gsib,0.9,strongly_encourages,tie,160.737,0,0,0,0,0,0
